midx2,midx3,midx4,midx5,midx6,midx7,midy2,midy3,midy4,midy5,midy6,midy7,midx1,midy1,t
1431.2,1579.2,1926.2,2183.2,2425.2,2553.2,1004.78,1007.78,1004.78,947.78,929.78,1082.78,1247.2,978.78,0.0
1432.9,1589.9,1937.9,2143.9,2419.9,2552.9,1007.86,1011.86,1012.86,965.86,913.86,902.86,1245.9,983.86,0.01
1434.4,1563.4,1946.4,2142.4,2407.4,2548.4,1008.3,1003.3,1015.3,974.3,903.3,903.3,1244.4,989.3,0.02
1435.9,1566.9,1941.9,2162.9,2405.9,2536.9,1007.51,1001.51,1018.51,976.51,900.51,874.51,1243.9,993.51,0.03
1432.1,1572.1,1943.1,2171.1,2373.1,2534.1,1004.91,1000.91,1019.91,975.91,921.91,853.91,1244.1,995.91,0.04
1432.2,1575.2,1953.2,2179.2,2358.2,2528.2,1001.26,996.26,1021.26,993.26,935.26,844.26,1244.2,995.26,0.05
1435.9,1574.9,1940.9,2179.9,2358.9,2516.9,992.94,988.94,1018.94,1003.94,944.94,1116.94,1242.9,994.94,0.06
1434.6,1585.6,1945.6,2182.6,2346.6,2506.6,988.46,987.46,1019.46,1013.46,962.46,1116.46,1244.6,990.46,0.07
1436.3,1638.3,1945.3,2186.3,2336.3,2495.3,980.45,977.45,1019.45,1018.45,979.45,1111.45,1244.3,990.45,0.08
1435.2,1628.2,1949.2,2201.2,2340.2,2484.2,973.65,969.65,1014.65,1027.65,1028.65,1064.65,1244.2,987.65,0.09
1434.6,1667.6,1994.6,2230.6,2342.6,2473.6,969.46,963.46,1020.46,1020.46,1017.46,1017.46,1244.6,984.46,0.1
1437.3,1666.3,1986.3,2225.3,2343.3,2463.3,961.36,963.36,1011.36,1034.3600000000001,1031.3600000000001,970.36,1245.3,979.36,0.11
1437.1,1664.1,1988.1,2226.1,2357.1,2463.1,957.53,942.53,1006.53,1053.53,1046.53,970.53,1244.1,971.53,0.12
1435.5,1662.5,1999.5,2220.5,2392.5,2468.5,951.6,995.6,995.6,1032.6,1051.6,1005.6,1248.5,970.6,0.13
1436.4,1661.4,1958.4,2209.4,2346.4,2468.4,950.53,986.53,968.53,1015.53,1066.53,1031.53,1247.4,968.53,0.14
1436.5,1659.5,1982.5,2231.5,2357.5,2469.5,947.94,935.94,958.94,1031.94,1072.94,1055.94,1247.5,966.94,0.15
1435.0,1659.0,1957.0,2232.0,2375.0,2478.0,945.28,930.28,937.28,1039.28,1081.28,1095.28,1249.0,965.28,0.16
1432.6,1623.6,1952.6,2198.6,2390.6,2485.6,944.35,929.35,919.35,1036.35,1087.35,1086.35,1249.6,963.35,0.17
1430.4,1620.4,1958.4,2197.4,2387.4,2493.4,943.39,922.39,910.39,958.39,1086.3899999999999,1124.3899999999999,1250.4,961.39,0.18
1430.7,1622.7,1951.7,2235.7,2412.7,2501.7,942.85,921.85,904.85,986.85,1099.85,1085.85,1251.7,959.85,0.19
1432.7,1615.7,1957.7,2232.7,2430.7,2509.7,943.16,919.16,900.16,937.16,1101.1599999999999,1085.1599999999999,1251.7,959.16,0.2
1435.5,1618.5,1957.5,2229.5,2363.5,2517.5,946.38,924.38,895.38,908.38,994.38,1081.38,1252.5,959.38,0.21
1436.2,1654.2,1955.2,2226.2,2399.2,2525.2,951.35,931.35,893.35,916.35,994.35,1081.35,1252.2,961.35,0.22
1438.6,1655.6,1955.6,2225.6,2410.6,2533.6,953.6,936.6,893.6,888.6,968.6,1116.6,1251.6,964.6,0.23
1440.5,1642.5,1946.5,2212.5,2429.5,2533.5,961.95,940.95,894.95,879.95,954.95,1075.95,1250.5,968.95,0.24
1442.3,1626.3,1946.3,2221.3,2435.3,2541.3,969.18,959.18,898.18,867.18,931.18,1046.1799999999998,1251.3,974.18,0.25
1441.1,1681.1,1941.1,2150.1,2434.1,2552.1,976.86,956.86,902.86,866.86,904.86,1002.86,1248.1,977.86,0.26
1435.7,1681.7,1934.7,2150.7,2428.7,2555.7,985.12,967.12,916.12,866.12,877.12,967.12,1245.7,985.12,0.27
1437.8,1621.8,1936.8,2188.8,2425.8,2555.8,993.04,990.04,928.04,859.04,855.04,929.04,1241.8,991.04,0.28
1434.1,1624.1,1934.1,2139.1,2424.1,2556.1,1000.84,1002.84,943.84,877.84,831.84,888.84,1238.1,997.84,0.29
1426.4,1625.4,1929.4,2134.4,2419.4,2558.4,1009.0,1005.0,957.0,888.0,816.0,857.0,1233.4,1007.0,0.3
1425.2,1623.2,1925.2,2129.2,2418.2,2558.2,1015.4,1016.4,967.4,903.4,804.4,829.4,1228.2,1014.4,0.31
1416.2,1621.2,1915.2,2170.2,2381.2,2553.2,1017.7,1021.7,978.7,894.7,804.7,803.7,1223.2,1020.7,0.32
1405.6,1619.6,1907.6,2170.6,2377.6,2551.6,1018.5999999999999,1022.5999999999999,993.5999999999999,923.5999999999999,809.5999999999999,782.5999999999999,1215.6,1026.6,0.33
1398.2,1596.2,1895.2,2168.2,2382.2,2552.2,1018.2,1020.2,1001.2,941.2,820.2,764.2,1208.2,1026.2,0.34
1386.9,1596.9,1885.9,2178.9,2374.9,2521.9,1016.8,1020.8,1011.8,960.8,846.8,767.8,1201.9,1027.8,0.35
1380.6,1589.6,1883.6,2160.6,2366.6,2517.6,1014.2,1012.2,1020.2,993.2,877.2,776.2,1194.6,1028.2,0.36
1374.0,1582.0,1875.0,2143.0,2363.0,2507.0,1010.2,1006.2,1022.2,981.2,906.2,794.2,1189.0,1026.2,0.37
1363.3,1575.3,1864.3,2125.3,2362.3,2496.3,1004.4,1003.4,1021.4,1024.4,936.4,821.4,1181.3,1023.4,0.38
1356.1,1572.1,1860.1,2107.1,2334.1,2489.1,1000.9,988.9,1022.9,1040.9,958.9,860.9,1177.1,1022.9,0.39
1346.9,1565.9,1847.9,2089.9,2357.9,2486.9,993.6,985.6,1012.6,1051.6,991.6,885.6,1169.9,1016.6,0.4
1338.5,1532.5,1841.5,2071.5,2322.5,2490.5,991.5,978.5,1002.5,1054.5,973.5,887.5,1162.5,1011.5,0.41
1335.6,1535.6,1833.6,2054.6,2319.6,2487.6,986.3,972.3,990.3,1076.3,1022.3,947.3,1155.6,1004.3,0.42
1327.9,1529.9,1831.9,2035.9,2314.9,2488.9,983.1,970.1,978.1,1046.1,1069.1,975.1,1149.9,1001.1,0.43
1325.0,1506.0,1821.0,2036.0,2323.0,2484.0,980.29,964.29,970.29,1037.29,1097.29,1016.29,1145.0,997.29,0.44
1322.0,1516.0,1816.0,2024.0,2326.0,2479.0,976.86,957.86,962.86,1025.8600000000001,1113.8600000000001,1054.8600000000001,1138.0,992.86,0.45
1314.0,1523.0,1809.0,2057.0,2275.0,2475.0,979.61,965.61,955.61,1029.6100000000001,1110.6100000000001,1090.6100000000001,1131.0,991.61,0.46
1306.5,1482.5,1799.5,2056.5,2291.5,2466.5,984.09,980.09,947.09,1009.09,1115.0900000000001,1115.0900000000001,1126.5,993.09,0.47
1296.0,1476.0,1791.0,2054.0,2272.0,2454.0,988.43,972.43,945.43,990.43,1100.4299999999998,1148.4299999999998,1122.0,999.43,0.48
1296.1,1479.1,1787.1,2073.1,2279.1,2440.1,998.0,985.0,943.0,983.0,1095.0,1167.0,1117.1,1011.0,0.49
1291.3,1473.3,1787.3,2067.3,2268.3,2410.3,1008.6,987.6,942.6,967.6,1069.6,1176.6,1113.3,1022.6,0.5
1284.5,1474.5,1778.5,2063.5,2262.5,2403.5,1023.0999999999999,1004.0999999999999,945.0999999999999,944.0999999999999,1041.1,1164.1,1108.5,1039.1,0.51
1285.9,1464.9,1764.9,2031.9,2258.9,2413.9,1040.9,1021.9000000000001,947.9000000000001,926.9000000000001,1016.9000000000001,1176.9,1102.9,1056.9,0.52
1275.5,1455.5,1761.5,1999.5,2259.5,2423.5,1055.9,1040.9,952.9000000000001,917.9000000000001,993.9000000000001,1101.9,1097.5,1074.9,0.53
1272.4,1455.4,1758.4,1967.4,2252.4,2423.4,1072.7,1040.7,961.7,918.7,966.7,1060.7,1098.4,1098.7,0.54
1262.7,1432.7,1772.7,1966.7,2244.7,2391.7,1087.0,1053.0,970.0,920.0,940.0,1043.0,1089.7,1113.0,0.55
1261.7,1430.7,1742.7,2015.7,2252.7,2420.7,1101.3,1071.3,985.3,913.3,921.3,1006.3,1083.7,1131.3,0.56
1259.9,1427.9,1780.9,2017.9,2245.9,2400.9,1117.3,1089.3,984.3,918.3,900.3,968.3,1078.9,1146.3,0.57
1248.2,1427.2,1753.2,2013.2,2233.2,2396.2,1131.1,1089.1,1010.0999999999999,947.0999999999999,884.0999999999999,934.0999999999999,1074.2,1159.1,0.58
1244.5,1423.5,1752.5,2009.5,2196.5,2387.5,1145.1,1101.1,1025.1,963.0999999999999,875.0999999999999,900.0999999999999,1065.5,1167.1,0.59
1230.2,1403.2,1728.2,2005.2,2206.2,2380.2,1151.4,1111.4,1050.4,950.4000000000001,869.4000000000001,866.4000000000001,1056.2,1173.4,0.6
1222.4,1401.4,1738.4,2005.4,2201.4,2369.4,1156.1,1118.1,1063.1,972.0999999999999,867.0999999999999,842.0999999999999,1049.4,1175.1,0.61
1217.5,1392.5,1721.5,2017.5,2189.5,2354.5,1159.5,1128.5,1074.5,978.5,876.5,823.5,1041.5,1175.5,0.62
1213.0,1384.0,1730.0,1925.0,2186.0,2338.0,1156.0,1131.0,1086.0,1046.0,888.0,819.0,1034.0,1172.0,0.63
1203.6,1371.6,1703.6,1924.6,2180.6,2319.6,1149.2,1124.2,1100.2,1058.2,905.2,819.2,1025.6,1168.2,0.64
1203.1,1366.1,1699.1,1916.1,2176.1,2299.1,1143.0,1116.0,1110.0,1078.0,926.0,827.0,1020.1,1165.0,0.65
1196.8,1366.8,1688.8,1913.8,2155.8,2289.8,1136.1,1109.1,1114.1,1087.1,973.0999999999999,851.0999999999999,1012.8,1162.1,0.66
1187.5,1373.5,1682.5,1934.5,2149.5,2322.5,1123.8,1112.8,1116.8,1081.8,998.8,879.8,1001.5,1154.8,0.67
1182.99,1354.99,1681.99,1955.99,2144.99,2330.99,1121.8,1101.8,1117.8,1111.8,1028.8,907.8,993.99,1151.8,0.68
1181.9299999999998,1333.9299999999998,1666.9299999999998,1922.9299999999998,2135.93,2321.93,1115.5,1096.5,1114.5,1102.5,1064.5,937.5,985.93,1148.5,0.69
1167.55,1353.55,1656.55,1922.55,2141.55,2312.55,1119.1,1096.1,1105.1,1128.1,1085.1,985.0999999999999,977.55,1148.1,0.7
1168.27,1309.27,1641.27,1901.27,2130.27,2303.27,1118.4,1089.4,1095.4,1138.4,1113.4,1034.4,967.27,1147.4,0.71
1136.44,1304.44,1636.44,1895.44,2135.44,2303.44,1121.4,1094.4,1088.4,1143.4,1133.4,976.4000000000001,957.44,1147.4,0.72
1149.27,1320.27,1626.27,1877.27,2113.27,2255.27,1147.1,1101.1,1080.1,1132.1,1153.1,1086.1,949.27,1151.1,0.73
1134.3200000000002,1291.3200000000002,1616.3200000000002,1877.3200000000002,2102.32,2316.32,1135.2,1114.2,1074.2,1115.2,1162.2,1086.2,941.32,1154.2,0.74
1134.05,1314.05,1607.05,1883.05,2083.05,2295.05,1144.2,1117.2,1072.2,1116.2,1164.2,1008.2,935.05,1158.2,0.75
1119.92,1303.92,1597.92,1887.92,2079.92,2273.92,1151.7,1124.7,1072.7,1098.7,1162.7,1261.7,927.92,1158.7,0.76
1113.85,1295.85,1604.85,1897.85,2076.85,2273.85,1163.7,1144.7,1081.7,1084.7,1157.7,1261.7,918.85,1162.7,0.77
1093.96,1299.96,1591.96,1853.96,2075.96,2232.96,1175.2,1148.2,1090.2,1076.2,1148.2,1203.2,910.96,1166.2,0.78
1088.71,1284.71,1596.71,1853.71,2071.71,2222.71,1181.3,1084.3,1104.3,1056.3,1126.3,1200.3,904.71,1170.3,0.79
1081.1399999999999,1270.1399999999999,1586.1399999999999,1818.1399999999999,2072.14,2215.14,1189.6,1194.6,1112.6,1050.6,1106.6,1185.6,899.14,1174.6,0.8
1077.22,1255.22,1616.22,1818.22,2063.2200000000003,2206.2200000000003,1193.5,1194.5,1114.5,1052.5,1082.5,1169.5,891.22,1174.5,0.81
1069.79,1255.79,1557.79,1799.79,2057.79,2200.79,1194.7,1200.7,1146.7,1054.7,1059.7,1149.7,884.79,1174.7,0.82
1057.48,1231.48,1556.48,1824.48,2036.48,2198.48,1197.5,1204.5,1169.5,1054.5,1050.5,1133.5,876.48,1172.5,0.83
1049.35,1266.35,1548.35,1818.35,2054.35,2188.35,1197.8,1207.8,1181.8,1021.8,1016.8,1075.8,869.35,1174.8,0.84
1040.52,1229.52,1546.52,1813.52,2012.52,2185.52,1193.5,1203.5,1195.5,1059.5,1063.5,1042.5,863.52,1173.5,0.85
1030.9299999999998,1255.9299999999998,1531.9299999999998,1807.9299999999998,1970.9299999999998,2183.93,1190.7,1204.7,1205.7,1097.7,1009.7,1014.7,853.93,1165.7,0.86
1023.11,1219.1100000000001,1527.1100000000001,1803.1100000000001,1971.1100000000001,2181.11,1181.7,1190.7,1211.7,1135.7,1025.7,990.7,849.11,1160.7,0.87
1016.15,1239.15,1509.15,1797.15,2008.15,2171.15,1169.8,1187.8,1216.8,1173.8,1022.8,967.8,843.15,1152.8,0.88
1011.14,1232.1399999999999,1506.1399999999999,1792.1399999999999,2006.1399999999999,2163.14,1160.6,1175.6,1215.6,1173.6,1048.6,962.5999999999999,839.14,1145.6,0.89
1003.56,1181.56,1492.56,1791.56,2003.56,2153.56,1148.6,1158.6,1168.6,1185.6,1079.6,966.5999999999999,833.56,1134.6,0.9
999.62,1187.62,1478.62,1742.62,2005.62,2145.62,1136.9,1143.9,1193.9,1206.9,1110.9,991.9000000000001,826.62,1126.9,0.91
991.48,1175.48,1478.48,1740.48,1980.48,2143.48,1127.3,1127.3,1203.3,1217.3,1140.3,1026.3,821.48,1116.3,0.92
986.61,1199.6100000000001,1476.6100000000001,1738.6100000000001,1990.6100000000001,2144.61,1116.2,1118.2,1187.2,1225.2,1185.2,1076.2,817.61,1113.2,0.93
984.48,1182.48,1474.48,1736.48,1995.48,2146.48,1106.4,1106.4,1154.4,1222.4,1166.4,1128.4,811.48,1106.4,0.94
984.93,1208.9299999999998,1470.9299999999998,1733.9299999999998,1999.9299999999998,2147.93,1102.4,1093.4,1140.4,1235.4,1237.4,1164.4,808.93,1103.4,0.95
971.4,1197.4,1468.4,1732.4,1963.4,2156.4,1096.4,1084.4,1122.4,1190.4,1253.4,1187.4,805.4,1102.4,0.96
968.34,1149.3400000000001,1468.3400000000001,1730.3400000000001,1948.3400000000001,2152.34,1093.2,1080.2,1122.2,1209.2,1276.2,1229.2,798.34,1103.2,0.97
965.69,1138.69,1464.69,1728.69,1928.69,2125.69,1092.5,1075.5,1103.5,1175.5,1286.5,1275.5,795.69,1105.5,0.98
960.49,1140.49,1452.49,1726.49,1919.49,2116.49,1094.6,1069.6,1162.6,1176.6,1269.6,1301.6,793.49,1111.6,0.99
960.61,1141.6100000000001,1440.6100000000001,1724.6100000000001,1911.6100000000001,2117.61,1097.5,1067.5,1045.5,1178.5,1296.5,1312.5,791.61,1116.5,1.0
954.89,1139.8899999999999,1439.8899999999999,1721.8899999999999,1930.8899999999999,2099.89,1102.7,1066.7,1045.7,1178.7,1307.7,1333.7,788.89,1123.7,1.01
957.38,1138.38,1431.38,1722.38,1921.38,2079.38,1109.1,1069.1,1031.1,1151.1,1301.1,1346.1,789.38,1135.1,1.02
950.76,1132.76,1425.76,1704.76,1913.76,2031.76,1115.6,1074.6,1024.6,1114.6,1278.6,1349.6,785.76,1146.6,1.03
950.26,1131.26,1413.26,1738.26,1906.26,2026.26,1129.0,1079.0,1014.0,1097.0,1256.0,1363.0,782.26,1159.0,1.04
947.98,1130.98,1412.98,1694.98,1898.98,2017.98,1141.4,1086.4,1041.4,1039.4,1233.4,1354.4,780.98,1173.4,1.05
947.37,1126.37,1413.37,1695.37,1891.37,2011.37,1151.5,1096.5,1021.5,1021.5,1210.5,1330.5,780.37,1188.5,1.06
944.44,1126.44,1414.44,1668.44,1883.44,2007.44,1167.4,1116.4,1027.4,999.4000000000001,1210.4,1293.4,777.44,1200.4,1.07
943.8,1114.8,1414.8,1631.8,1875.8,2012.8,1178.7,1133.7,1032.7,974.7,1222.7,1250.7,776.8,1210.7,1.08
947.26,1114.26,1415.26,1631.26,1868.26,2023.26,1188.9,1146.9,1031.9,962.9000000000001,1234.9,1199.9,777.26,1223.9,1.09
950.24,1112.24,1415.24,1630.24,1908.24,2038.24,1194.1,1159.1,1046.1,948.0999999999999,1245.1,1139.1,774.24,1231.1,1.1
949.0,1114.0,1413.0,1629.0,1914.0,2048.0,1211.3,1173.3,1064.3,964.3,1155.3,1073.3,772.0,1241.3,1.11
947.91,1107.9099999999999,1414.9099999999999,1627.9099999999999,1910.9099999999999,2062.91,1227.4,1185.4,1079.4,906.4000000000001,1155.4,998.4000000000001,769.91,1254.4,1.12
944.26,1109.26,1416.26,1627.26,1910.26,2064.26,1237.5,1197.5,1094.5,899.5,1160.5,926.5,769.26,1261.5,1.13
944.11,1107.1100000000001,1422.1100000000001,1626.1100000000001,1918.1100000000001,2056.11,1245.0,1210.0,1111.0,907.0,847.0,866.0,768.11,1270.0,1.14
938.98,1106.98,1413.98,1624.98,1908.98,2038.98,1250.9,1214.9,1121.9,846.9000000000001,846.9000000000001,808.9000000000001,765.98,1275.9,1.15
939.55,1111.55,1424.55,1623.55,1902.55,2018.55,1256.3,1220.3,1133.3,844.3,843.3,761.3,763.55,1278.3,1.16
936.3,1105.3,1443.3,1622.3,1901.3,2003.3,1254.7,1226.7,1133.7,940.7,840.7,732.7,760.3,1276.7,1.17
932.1,1106.1,1411.1,1622.1,1901.1,1989.1,1255.5,1228.5,1154.5,1036.5,842.5,726.5,759.1,1278.5,1.18
924.92,1103.92,1410.92,1620.92,1897.92,1983.92,1253.6,1232.6,1160.6,1036.6,841.5999999999999,727.5999999999999,755.92,1274.6,1.19
920.98,1103.98,1409.98,1620.98,1849.98,1974.98,1254.0,1229.0,1177.0,1092.0,866.0,737.0,754.98,1271.0,1.2
919.41,1100.4099999999999,1408.4099999999999,1648.4099999999999,1926.4099999999999,1972.4099999999999,1249.0,1227.0,1182.0,1088.0,808.0,747.0,752.41,1264.0,1.21
920.74,1104.74,1410.74,1653.74,1893.74,1975.74,1242.8,1219.8,1192.8,1106.8,903.8,774.8,750.74,1257.8,1.22
923.68,1099.6799999999998,1411.6799999999998,1661.6799999999998,1860.6799999999998,2032.6799999999998,1234.6,1212.6,1197.6,1123.6,999.5999999999999,840.5999999999999,749.68,1254.6,1.23
917.9,1099.9,1401.9,1677.9,1860.9,1960.9,1225.8,1205.8,1197.8,1135.8,999.8,864.8,748.9,1251.8,1.24
918.51,1098.51,1399.51,1679.51,1872.51,1997.51,1222.1,1197.1,1202.1,1151.1,1029.1,869.0999999999999,748.51,1249.1,1.25
918.27,1091.27,1399.27,1661.27,1894.27,1997.27,1219.5,1193.5,1197.5,1172.5,1056.5,929.5,748.27,1252.5,1.26
917.78,1093.78,1396.78,1657.78,1901.78,2030.78,1220.8,1184.8,1189.8,1183.8,1082.8,961.8,751.78,1256.8,1.27
914.65,1083.65,1392.65,1704.65,1913.65,2044.65,1223.3,1177.3,1175.3,1180.3,1107.3,997.3,750.65,1265.3,1.28
916.13,1085.13,1392.13,1691.13,1912.13,2056.13,1225.5,1171.5,1170.5,1187.5,1137.5,1038.5,754.13,1276.5,1.29
917.84,1084.8400000000001,1385.8400000000001,1694.8400000000001,1918.8400000000001,2063.84,1227.7,1166.7,1151.7,1190.7,1157.7,1069.7,759.84,1284.7,1.3
921.84,1083.8400000000001,1385.8400000000001,1651.8400000000001,1925.8400000000001,2066.84,1285.6,1166.6,1143.6,1184.6,1175.6,1109.6,763.84,1299.6,1.31
926.06,1082.06,1381.06,1646.06,1924.06,2075.06,1276.8,1171.8,1124.8,1196.8,1191.8,1137.8,770.06,1312.8,1.32
926.56,1085.56,1381.56,1639.56,1928.56,2087.56,1254.0,1177.0,1111.0,1167.0,1202.0,1148.0,775.56,1329.0,1.33
938.44,1091.44,1407.44,1682.44,1892.44,2081.44,1272.8,1192.8,1118.8,1128.8,1210.8,1178.8,784.44,1344.8,1.34
947.4,1093.4,1433.4,1694.4,1889.4,2070.4,1284.1,1199.1,1097.1,1141.1,1209.1,1216.1,790.4,1359.1,1.35
952.85,1104.85,1432.85,1691.85,1887.85,2049.85,1302.0,1215.0,1116.0,1086.0,1199.0,1263.0,796.85,1375.0,1.36
962.9,1116.9,1436.9,1692.9,1938.9,2091.9,1314.8,1230.8,1134.8,1076.8,1179.8,1228.8,803.9,1386.8,1.37
969.05,1129.05,1441.05,1690.05,1937.05,2052.05,1330.3,1246.3,1154.3,1064.3,1154.3,1239.3,811.05,1402.3,1.38
976.39,1141.3899999999999,1445.3899999999999,1699.3899999999999,1948.3899999999999,2081.39,1346.4,1262.4,1173.4,1054.4,1124.4,1229.4,817.39,1417.4,1.39
985.77,1153.77,1448.77,1704.77,1958.77,2086.77,1358.9,1277.9,1192.9,1048.9,1100.9,1207.9,827.77,1427.9,1.4
995.13,1165.13,1449.13,1706.13,1966.13,2088.13,1408.4,1293.4,1211.4,1047.4,1074.4,1180.4,836.13,1440.4,1.41
1012.26,1177.26,1507.26,1735.26,1971.26,2093.26,1431.4,1309.4,1230.4,1047.4,1050.4,1125.4,841.26,1447.4,1.42
1025.08,1190.08,1519.08,1744.08,1978.08,2099.08,1431.3,1325.3,1249.3,1056.3,1028.3,1109.3,848.08,1459.3,1.43
1029.08,1202.08,1526.08,1752.08,1985.08,2099.08,1439.8,1340.8,1268.8,1074.8,1000.8,1067.8,854.08,1465.8,1.44
1043.13,1214.13,1545.13,1760.13,1987.13,2091.13,1449.9,1355.9,1287.9,1051.9,986.9000000000001,1020.9000000000001,856.13,1463.9,1.45
1045.25,1226.25,1549.25,1766.25,1996.25,2094.25,1461.8,1371.8,1306.8,1052.8,978.8,983.8,864.25,1463.8,1.46
1049.29,1238.29,1551.29,1767.29,1998.29,2091.29,1469.2,1372.2,1326.2,980.2,979.2,961.2,870.29,1455.2,1.47
1053.02,1250.02,1558.02,1767.02,2013.02,2091.02,1467.1,1440.1,1345.1,958.0999999999999,980.0999999999999,948.0999999999999,878.02,1444.1,1.48
1066.19,1250.19,1569.19,1792.19,2044.19,2200.19,1464.2,1457.2,1364.2,995.2,994.2,931.2,887.19,1432.2,1.49
1085.1599999999999,1248.1599999999999,1575.1599999999999,1753.1599999999999,2057.16,2204.16,1459.0,1465.0,1384.0,999.0,998.0,923.0,897.16,1424.0,1.5
1087.54,1271.54,1660.54,1771.54,2060.54,2206.54,1455.9,1462.9,1402.9,921.9000000000001,1006.9000000000001,918.9000000000001,906.54,1419.9,1.51
1114.3400000000001,1282.3400000000001,1663.3400000000001,1790.3400000000001,2074.34,2222.34,1456.4,1465.4,1421.4,1022.4000000000001,1062.4,919.4000000000001,917.34,1419.4,1.52
1114.48,1327.48,1663.48,1809.48,2089.48,2239.48,1454.2,1470.2,1421.2,1123.2,1080.2,929.2,924.48,1417.2,1.53
1119.6399999999999,1332.6399999999999,1683.6399999999999,1828.6399999999999,2099.64,2245.64,1449.9,1472.9,1433.9,1222.9,1092.9,946.9000000000001,933.64,1411.9,1.54
1131.77,1332.77,1639.77,1846.77,2113.77,2260.77,1444.0,1471.0,1428.0,1323.0,1059.0,968.0,941.77,1412.0,1.55
1137.56,1331.56,1659.56,1865.56,2122.56,2275.56,1450.4,1471.4,1422.4,1423.4,1232.4,999.4000000000001,951.56,1410.4,1.56
1148.69,1325.69,1667.69,1865.69,2128.69,2277.69,1447.1,1465.1,1423.1,1423.1,1232.1,1057.1,959.69,1409.1,1.57
1152.47,1335.47,1670.47,1868.47,2068.4700000000003,2254.4700000000003,1444.8,1460.8,1446.8,1440.8,1271.8,1114.8,967.47,1406.8,1.58
1152.31,1338.31,1670.31,1884.31,2097.31,2219.31,1441.4,1457.4,1463.4,1455.4,1304.4,1172.4,974.31,1405.4,1.59
1156.8400000000001,1341.8400000000001,1669.8400000000001,1895.8400000000001,2115.84,2274.84,1436.1,1454.1,1483.1,1482.1,1339.1,1230.1,982.84,1401.1,1.6
1161.04,1349.04,1680.04,1895.04,2143.04,2275.04,1432.0,1448.0,1517.0,1498.0,1360.0,1230.0,989.04,1400.0,1.61
1178.95,1348.95,1693.95,1906.95,2173.95,2301.95,1421.5,1438.5,1500.5,1500.5,1379.5,1269.5,995.95,1398.5,1.62
1174.2,1350.2,1674.2,1860.2,2183.2,2320.2,1415.5,1430.5,1487.5,1506.5,1413.5,1304.5,1003.2,1399.5,1.63
1175.1,1391.1,1683.1,1924.1,2191.1,2329.1,1407.0,1421.0,1473.0,1509.0,1440.0,1339.0,1007.1,1399.0,1.64
1179.2,1388.2,1684.2,1924.2,2183.2,2341.2,1403.4,1409.4,1460.4,1511.4,1468.4,1374.4,1012.2,1396.4,1.65
1197.2,1377.2,1700.2,1933.2,2203.2,2355.2,1398.0,1404.0,1452.0,1515.0,1488.0,1417.0,1017.2,1396.0,1.66
1202.1,1375.1,1700.1,1927.1,2189.1,2366.1,1395.6,1388.6,1430.6,1513.6,1505.6,1455.6,1022.1,1401.6,1.67
1207.5,1376.5,1697.5,1921.5,2193.5,2371.5,1396.2,1384.2,1415.2,1507.2,1527.2,1486.2,1025.5,1410.2,1.68
1214.4,1378.4,1695.4,1917.4,2210.4,2374.4,1399.0,1383.0,1461.0,1498.0,1539.0,1509.0,1029.4,1415.0,1.69
1198.9,1378.9,1666.9,1887.9,2179.9,2376.9,1399.3,1382.3,1506.3,1475.3,1544.3,1525.3,1032.9,1417.3,1.7
1208.1,1381.1,1696.1,1904.1,2150.1,2373.1,1403.9,1382.9,1428.9,1540.9,1549.9,1537.9,1035.1,1419.9,1.71
1218.5,1380.5,1701.5,1920.5,2149.5,2344.5,1408.8,1384.8,1425.8,1420.8,1549.8,1560.8,1036.5,1420.8,1.72
1208.1,1382.1,1690.1,1920.1,2159.1,2349.1,1413.5,1387.5,1425.5,1420.5,1538.5,1566.5,1038.1,1421.5,1.73
1209.7,1388.7,1694.7,1922.7,2145.7,2373.7,1416.5,1394.5,1403.5,1399.5,1497.5,1560.5,1040.7,1420.5,1.74
1209.9,1388.9,1709.9,2020.9,2173.9,2369.9,1418.6,1401.6,1411.6,1410.6,1498.6,1571.6,1042.9,1417.6,1.75
1214.5,1393.5,1722.5,2021.5,2165.5,2301.5,1420.3,1411.3,1392.3,1393.3,1454.3,1573.3,1045.5,1418.3,1.76
1215.7,1397.7,1718.7,1984.7,2168.7,2301.7,1422.5,1416.5,1363.5,1364.5,1424.5,1569.5,1049.7,1420.5,1.77
1220.5,1397.5,1726.5,1993.5,2176.5,2325.5,1427.7,1420.7,1388.7,1395.7,1400.7,1519.7,1052.5,1421.7,1.78
1229.8,1407.8,1729.8,2002.8,2247.8,2339.8,1431.5,1423.5,1413.5,1353.5,1409.5,1486.5,1056.8,1423.5,1.79
1235.3,1412.3,1738.3,2012.3,2207.3,2386.3,1434.0,1428.0,1414.0,1360.0,1366.0,1452.0,1061.3,1424.0,1.8
1240.4,1475.4,1747.4,2021.4,2217.4,2393.4,1439.2,1428.2,1419.2,1344.2,1368.2,1411.2,1065.4,1426.2,1.81
1248.5,1429.5,1753.5,2031.5,2228.5,2404.5,1443.9,1430.9,1426.9,1365.9,1331.9,1380.9,1071.5,1430.9,1.82
1255.0,1477.0,1762.0,2041.0,2229.0,2414.0,1447.1,1438.1,1431.1,1342.1,1316.1,1346.1,1079.0,1436.1,1.83
1270.3,1475.3,1784.3,2050.3,2238.3,2417.3,1451.7,1446.7,1395.7,1365.7,1306.7,1317.7,1085.3,1439.7,1.84
1268.4,1477.4,1828.4,2059.4,2232.4,2421.4,1454.6,1449.6,1396.6,1381.6,1308.6,1294.6,1087.4,1436.6,1.85
1279.8,1479.8,1807.8,2068.8,2225.8,2426.8,1457.9,1453.9,1449.9,1312.9,1313.9,1273.9,1091.8,1442.9,1.86
1295.6,1478.6,1808.6,2077.6,2230.6,2433.6,1455.5,1455.5,1456.5,1389.5,1319.5,1250.5,1103.6,1437.5,1.87
1302.2,1474.2,1810.2,2087.2,2235.2,2436.2,1455.1,1460.1,1467.1,1402.1,1329.1,1240.1,1108.2,1435.1,1.88
1302.4,1480.4,1817.4,2096.4,2239.4,2438.4,1453.5,1459.5,1471.5,1338.5,1337.5,1234.5,1115.4,1433.5,1.89
1310.4,1483.4,1829.4,2106.4,2285.4,2439.4,1455.5,1458.5,1479.5,1425.5,1329.5,1232.5,1123.4,1431.5,1.9
1322.1,1489.1,1839.1,2106.1,2278.1,2441.1,1454.7,1457.7,1478.7,1425.7,1348.7,1229.7,1134.1,1434.7,1.91
1328.5,1488.5,1845.5,2123.5,2286.5,2440.5,1457.0,1462.0,1437.0,1437.0,1363.0,1227.0,1142.5,1436.0,1.92
1334.5,1507.5,1852.5,2088.5,2294.5,2438.5,1457.4,1460.4,1459.4,1459.4,1374.4,1230.4,1152.5,1441.4,1.93
1341.7,1524.7,1858.7,2105.7,2308.7,2440.7,1458.5,1459.5,1481.5,1452.5,1395.5,1241.5,1159.7,1447.5,1.94
1352.7,1524.7,1858.7,2121.7,2334.7,2433.7,1460.6,1458.6,1483.6,1414.6,1413.6,1369.6,1168.7,1449.6,1.95
1358.9,1535.9,1850.9,2138.9,2349.9,2456.9,1463.9,1460.9,1477.9,1447.9,1447.9,1369.9,1176.9,1454.9,1.96
1364.0,1569.0,1859.0,2155.0,2357.0,2489.0,1464.2,1453.2,1478.2,1486.2,1485.2,1327.2,1187.0,1459.2,1.97
1374.3,1555.3,1873.3,2155.3,2365.3,2510.3,1466.3,1453.3,1470.3,1490.3,1457.3,1369.3,1196.3,1468.3,1.98
1388.0,1570.0,1890.0,2183.0,2372.0,2528.0,1468.0,1450.0,1490.0,1487.0,1430.0,1405.0,1203.0,1475.0,1.99
1390.4,1573.4,1907.4,2162.4,2380.4,2544.4,1470.1,1450.1,1468.1,1488.1,1402.1,1428.1,1215.4,1476.1,2.0
1399.3,1520.3,1907.3,2178.3,2387.3,2549.3,1474.1,1460.1,1465.1,1480.1,1402.1,1455.1,1224.3,1472.1,2.01
1408.3,1619.3,1919.3,2177.3,2395.3,2556.3,1474.1,1452.1,1457.1,1468.1,1407.1,1477.1,1231.3,1473.1,2.02
1416.2,1619.2,1917.2,2183.2,2403.2,2552.2,1474.4,1452.4,1453.4,1458.4,1471.4,1553.4,1240.2,1469.4,2.03
1422.4,1621.4,1927.4,2191.4,2410.4,2548.4,1471.1,1455.1,1455.1,1450.1,1472.1,1571.1,1249.4,1461.1,2.04
1431.5,1624.5,1934.5,2224.5,2418.5,2550.5,1465.7,1457.7,1456.7,1436.7,1502.7,1513.7,1261.5,1446.7,2.05
1448.1,1628.1,1951.1,2159.1,2418.1,2553.1,1453.5,1456.5,1460.5,1422.5,1475.5,1456.5,1269.1,1439.5,2.06
1470.9,1625.9,1952.9,2159.9,2442.9,2552.9,1440.7,1451.7,1463.7,1424.7,1455.7,1399.7,1278.9,1428.7,2.07
1463.9,1625.9,1969.9,2165.9,2460.9,2554.9,1430.4,1445.4,1472.4,1428.4,1434.4,1399.4,1290.9,1407.4,2.08
1469.6,1598.6,1970.6,2175.6,2462.6,2556.6,1422.5,1439.5,1476.5,1438.5,1412.5,1414.5,1291.6,1395.5,2.09
1480.0,1606.0,1970.0,2178.0,2466.0,2558.0,1411.7,1424.7,1478.7,1450.7,1392.7,1360.7,1296.0,1390.7,2.1
1483.0,1606.0,1974.0,2186.0,2422.0,2560.0,1403.4,1413.4,1475.4,1463.4,1391.4,1391.4,1303.0,1389.4,2.11
1491.0,1653.0,1978.0,2190.0,2462.0,2560.0,1396.7,1402.7,1459.7,1472.7,1392.7,1366.7,1309.0,1390.7,2.12
1508.1,1624.1,2004.1,2265.1,2474.1,2555.1,1388.6,1387.6,1447.6,1474.6,1420.6,1355.6,1312.1,1393.6,2.13
