t,midx1,midy1,midx2,midy2,midx3,midy3,midx4,midy4,midx5,midy5,midx6,midy6,midx7,midy7,midx8,midy8,midx9,midy9,midx10,midy10,midx11,midy11,midx12,midy12,midx13,midy13,midx14,midy14,midx15,midy15,midx16,midy16,midx17,midy18
0,1141.155151,630.550415,1354.155762,639.0592041,1564.356201,664.932312,1909.600464,665.7387695,2169.731934,594.5881348,2376.081787,489.4199524,2541.021729,484.9242249,1434.174194,722.671875,1482.853394,794.7185669,1543.966309,834.3079834,1554.695923,773.0588989,1543.152954,732.6697998,1440.931763,580.0450439,1495.040161,562.4749146,1611.328735,551.1326904,1622.405518,580.451416,1607.404541,595.7182617
1,1137.470093,630.4407349,1349.328735,637.1456299,1563.498657,665.1688843,1914.225464,671.6687622,2179.444336,595.1060791,2374.001953,488.4701233,2535.555664,474.2732239,1433.803589,722.348877,1484.03418,790.9776611,1545.071655,829.1276245,1553.480347,772.545166,1542.623901,732.4829102,1437.885986,577.4376221,1494.305664,558.0071411,1608.170532,545.8330688,1617.865234,574.9921875,1603.749878,593.9393311
2,1133.95459,631.0003052,1345.136108,635.1876221,1987.339722,669.4961548,1917.05603,678.2012939,2182.093018,609.3883057,2371.201172,493.1073608,2527.768555,470.9497375,1434.791992,720.3896484,1487.397827,786.7635498,1546.529297,823.3911743,1555.896606,770.0770874,1542.999512,731.6745605,1433.9104,575.4127808,1488.079224,552.8897095,1603.10144,540.0712891,1612.803223,571.0516968,1598.627319,590.833252
3,1131.891724,631.0889282,1336.078003,631.2206421,1565.905273,654.5584717,1915.697632,683.086853,2234.407471,589.6201172,2356.624512,506.4938965,2521.917969,466.5130615,1434.382813,719.2788086,1491.167725,783.8625488,1551.038696,814.9949951,1558.248657,767.385376,1543.765747,727.8453369,1431.526123,570.4968262,1485.830566,548.3071899,1589.861938,528.7432251,1607.815796,562.8948364,1596.885498,589.7203369
4,1128.961914,630.7632446,1334.662598,629.4672241,1563.428101,650.0740356,1920.428345,687.5151367,2160.871582,645.1417236,2355.793213,516.1560669,2517.571045,461.5836792,1433.753662,716.6090698,1495.047974,777.9108276,1551.839966,805.4344482,1560.859375,763.3264771,1541.732178,722.9678345,1429.210693,567.5596924,1484.870605,542.3998413,1586.338135,523.9002686,1604.272583,558.5374146,1590.773926,584.4954834
5,1127.429443,629.2189331,1333.151978,626.4293823,1562.855957,648.5160522,1876.107178,691.8759766,2187.693115,641.5608521,2355.88501,530.43396,2535.049072,392.796875,1432.972168,710.4723511,1491.393799,769.62854,1550.679199,793.427063,1562.239258,759.5528564,1550.262085,724.8653564,1427.373169,563.1426392,1485.925537,536.2136841,1584.050293,516.6455688,1987.692749,621.2249146,1591.834839,579.977417
6,1125.165161,626.4979858,1326.186646,623.1107788,1987.081909,689.7199097,1875.704102,691.65271,2195.515869,649.7380981,2357.197998,544.6149292,2530.187256,399.6871948,1431.271606,704.7736816,1489.514282,760.7549438,1554.770386,787.4702759,1566.580566,754.4342041,1549.937378,718.1311646,1424.516479,558.2354736,1488.782349,527.020813,1967.99353,614.7509766,1988.365234,623.6942749,1580.884155,575.0294189
7,1122.262939,623.9300537,1323.49646,620.4283447,1557.260864,644.09729,1874.537964,690.632019,2186.478516,663.94104,2355.993896,555.711731,2529.559814,418.0645752,1433.431885,706.2096558,1485.965332,752.8875732,1554.496826,779.0133667,1568.404419,750.213623,1554.24292,717.5169067,1421.638184,553.7132568,1483.747192,521.4707031,1573.694092,502.8680115,1989.168823,626.3425293,1986.959351,646.8012695
8,1119.842407,621.423584,1325.299438,612.8903198,1559.124756,634.5761719,1871.439697,688.1497192,2198.66333,668.8617554,2348.133545,572.6370239,2534.731445,436.3046875,1436.10083,705.2456055,1491.708496,747.2658691,1554.279541,769.2046509,1569.560913,741.9836426,1554.393311,707.0704956,1417.479858,548.4663696,1484.344238,514.5748291,1571.862549,496.4577026,1989.149414,628.7080078,1571.333862,561.7766113
9,1117.366089,617.6415405,1314.111206,606.5541992,1560.915771,631.5707397,1871.288574,683.7919312,2202.027344,676.2467041,2341.033691,589.1969604,2537.804443,452.1984558,1436.174805,699.8918457,1496.572144,742.149353,1554.104492,759.321228,1569.368164,732.5050659,1560.02124,705.7510986,1414.041138,543.4022217,1473.101685,513.6866455,1571.179688,490.7280884,1987.692139,629.2553101,1567.444458,557.2185059
10,1115.18396,613.821228,1308.875366,601.8060913,1558.795532,624.5737305,1870.492798,679.532959,2232.329834,678.5889893,2335.852539,602.2486572,2543.560303,464.9329529,1433.214478,692.376709,1501.259766,734.5567017,1554.296143,748.9781494,1565.711426,723.2841187,1559.942261,701.8892822,1412.553223,538.2416992,1469.55542,507.6955872,1566.947021,484.6328735,1985.167236,628.0988159,1565.393433,551.7786865
11,1113.200073,612.1097412,1303.543335,597.6798096,1559.357178,616.5361328,1872.134277,668.8704834,2203.802002,690.7530518,2338.301514,612.6829224,2545.658691,480.222168,1435.931519,689.2747192,1499.988892,723.1782227,1554.699219,738.012085,1561.796509,718.5645142,1559.785278,706.649231,1407.299561,532.8009033,1464.225464,504.1125183,1565.448975,480.0535278,1984.726685,625.201416,1564.77356,546.2283936
12,1110.919189,608.3905029,1302.582397,591.725769,1562.728027,612.9684448,1869.841675,664.0327759,2210.974365,693.4962158,2339.304199,621.5059814,2547.968018,497.1091614,1429.894897,683.2288818,1500.481201,715.2040405,1554.184937,729.1051025,1564.806519,712.4125977,1941.702026,747.9849243,1399.823975,528.3896484,1454.067749,503.2721863,1560.244141,475.3832703,1573.82959,508.6828613,1969.479248,638.1644287
13,1107.969971,606.656311,1297.826782,586.4659424,1560.895386,610.8527832,1870.047607,658.8378296,2205.104492,699.3378296,2341.01416,628.880188,2548.740723,517.6523438,1428.135254,678.3217163,1469.852051,695.0576782,1548.533203,718.9655762,1561.378906,704.3950195,1563.233765,698.2686768,1401.03064,522.2410889,1460.391357,492.8873596,1559.008057,470.7389221,1979.497925,616.0142212,1561.235596,535.4963379
14,1105.843018,603.670166,1299.863037,581.5543213,1556.234253,599.8546753,1870.782227,654.1893921,2457.569824,588.7056274,2342.244629,636.5361328,2548.29126,534.0045776,1423.047241,671.1269531,1467.919312,687.7869263,1549.098389,709.7925415,1560.869751,696.8004761,1563.588013,692.9855347,1398.0979,517.7982178,1460.636108,488.1701355,1554.199829,464.5464783,1569.285034,497.2175598,1559.678101,527.5693359
15,1103.324707,600.9906006,1294.341187,577.5866699,1938.648315,674.3691406,1869.140869,648.7525635,2199.423828,703.5334473,2350.843994,641.4436035,2546.701416,544.1488037,1420.245361,665.6581421,1469.668823,682.8442993,1514.238525,697.4277344,1554.440674,691.8276367,1557.479126,686.3997803,1392.80603,513.1427612,1454.653564,481.333252,1976.231445,579.6600342,1977.083862,606.5119019,1553.588135,521.9086914
16,1100.799561,597.9766235,1298.98877,574.9592285,1943.013184,669.1677246,2197.643311,707.2892456,2193.572998,705.8366089,2352.966553,647.6947632,2548.175781,551.8272095,1419.460815,660.7703247,1494.824829,684.5023193,1513.249756,689.1827393,1548.00293,684.8634033,1555.232544,674.5991211,1388.344482,509.1076965,1452.214844,476.3948669,1974.552856,573.168335,1974.380127,601.4403687,1548.652466,515.8673706
17,1098.878174,596.4420776,1289.984619,571.3580322,1945.964478,665.0737305,1850.640137,631.1817017,2459.239258,621.2166748,2353.508057,655.6373291,2550.439697,563.444458,1419.90979,658.0614624,1445.39209,669.5200195,1517.151489,682.7711792,1540.610352,679.4504395,1548.161499,673.7971802,1384.748657,504.4814453,1455.144531,468.4820251,1546.545532,449.293457,1972.523804,595.1761475,1957.895508,613.19104
18,1096.540283,595.9053955,1292.363403,569.1063843,1945.909546,661.2058716,1841.226929,635.2622681,2458.151611,630.46521,2375.70752,655.632019,2548.922119,578.7481079,1417.999878,653.0717163,1437.229736,663.4663696,1520.554077,677.7924194,1539.792236,672.0936279,1547.51062,665.6588135,1381.740601,500.8139954,1887.445435,555.7130127,1541.53833,439.7041321,1969.903076,586.8964844,1955.22937,606.3069458
19,1095.585083,595.1810913,1292.834351,566.6033936,1514.946289,562.8861694,2201.699219,703.9908447,2475.80957,635.7049561,2374.763672,663.4137573,2550.899414,589.8127441,1418.666748,650.3185425,1438.095703,659.4346924,1512.657349,673.5429688,1539.458496,668.0175171,1548.420166,659.8199463,1376.122803,498.1756287,1886.580444,546.5941162,1967.638794,550.7033691,1966.547974,578.3016357,1948.712646,600.3635864
20,1093.820313,593.7980957,1293.269043,565.5874634,1469.918213,546.559082,2192.55249,699.7877197,2325.748535,687.0710449,2377.307861,671.8095093,2550.872314,609.9154053,1418.219604,648.1134033,1441.078735,657.7721558,1511.260254,668.541687,1543.730713,664.6962891,1552.99707,653.9797363,1372.976807,496.3483582,1437.434204,451.6143799,1968.999023,538.5024414,1962.104858,565.8164673,1941.974365,587.9116211
21,1091.307129,592.9083862,1291.89563,563.2972412,1541.337646,573.1294556,1843.588013,601.5571289,2321.830811,688.8106689,2391.91333,674.1676636,2555.64209,625.446167,1408.191528,642.2401733,1485.025635,665.2105103,1531.458984,671.682373,1549.092773,661.9688721,1554.031738,653.2356567,1370.547241,496.2807007,1435.880615,446.213501,1524.841187,417.8083801,1956.550781,553.125061,1939.312988,578.8424072
22,1089.205688,590.7967529,1289.941162,561.8550415,1541.046143,573.3366089,1840.891602,601.9177246,2322.652588,690.4352417,2377.603027,684.7564697,2509.750244,654.8815308,1410.184326,643.4105835,1459.892578,661.3082886,1541.467407,672.9008789,1548.897461,656.6243896,1548.451294,647.5200806,1368.803955,494.8163452,1435.641968,443.5527344,1958.829224,500.984314,1950.49585,536.0593872,1930.80603,567.6035767
23,1086.67749,589.2868042,1287.894775,561.159668,1908.769897,614.4873047,1826.1875,587.0987549,2193.820801,685.4265137,2402.619141,687.31604,2517.372559,665.9798584,1409.21875,644.0338745,1461.071533,662.9907837,1542.310791,675.7002563,1548.505005,654.8809204,1542.92334,639.3008423,1366.655518,494.3027954,1434.484131,442.1573486,1520.369629,413.7036133,1944.335571,521.5610962,1924.389648,556.1158447
24,1084.435303,588.196228,1289.048096,559.8108521,1911.249023,604.0454712,2232.41333,683.9232178,2316.306641,689.2068481,2412.427246,690.2174683,2523.971924,673.2358398,1406.56311,644.0650024,1462.286377,666.5842896,1538.981812,677.0501709,1544.484985,654.7064819,1542.674194,635.0612183,1365.026367,494.2929993,1433.403076,442.6331482,1517.338623,414.1714478,1935.241699,508.031311,1919.411865,546.0092773
25,1082.116943,586.0683594,1289.699219,560.0946045,1908.013062,594.8487549,2225.129639,673.4082031,2397.634766,692.6706543,2404.419434,690.1012573,2529.347168,685.9979858,1403.35498,644.8786621,1463.555664,670.1239014,1539.012451,679.3323364,1542.044067,655.7910767,1540.026611,633.3921509,1363.468262,494.8968506,1430.52832,444.2251587,1516.844971,415.5428162,1525.495483,455.0187683,1507.765991,489.7590942
26,1080.701172,584.8358765,1291.24646,560.4024658,1904.672241,586.1300659,1840.151245,570.9346924,2093.403809,626.4532471,2403.960938,690.4788818,2527.950195,697.8752441,1394.008545,638.8822021,1467.109497,673.5198364,1537.191772,681.2822876,1541.56958,656.7501831,1537.316528,634.3289185,1360.790405,496.2851868,1427.724121,445.9870605,1513.74646,416.9174805,1524.598877,456.0028687,1507.031616,490.4519653
27,1078.683472,582.7363892,1294.801147,561.7201538,1904.675537,581.263916,1839.514282,566.6522217,2303.171631,661.6480103,2405.861328,689.1356201,2524.183105,707.6574097,1401.943115,644.9437866,1468.68396,678.302063,1532.9375,685.7984009,1540.249146,660.388916,1537.451416,639.9295044,1360.361206,496.8907166,1422.35144,448.4830017,1515.578857,421.2894592,1523.577026,458.4065857,1505.018677,491.0432739
28,1077.254883,582.5390015,1297.395142,562.7827759,1903.504639,576.5097656,1838.344604,562.8571167,2427.455566,695.0726929,2403.789063,683.7383423,2527.616943,712.7819214,1392.634521,644.4776001,1465.829102,682.6808472,1527.21106,691.5154419,1537.107788,664.4446411,1529.189819,645.0505371,1359.326782,499.2466125,1425.807617,449.1041565,1515.194946,424.9053955,1522.465698,460.9142761,1504.303833,491.9537354
29,1074.886719,581.4954834,1294.141846,564.3441772,1901.144165,570.4957886,1807.325562,565.6933594,2387.14209,667.755249,2406.275879,673.2393799,2514.759766,720.4504395,1387.071655,645.7874756,1452.68811,687.6298828,1519.483398,703.9443359,1530.756226,674.3572388,1522.039429,645.711792,1357.817261,501.4964294,1839.131348,462.9934387,1519.290405,430.8284302,1522.42981,464.2901917,1502.852051,494.1908264
30,1073.998169,580.1465454,1293.855347,566.2912598,1488.206787,567.9421387,1807.728638,564.7666016,2312.947754,628.5495605,2399.943359,657.9645386,2529.958252,717.791626,1381.561646,645.2903442,1447.098633,695.5487061,1510.613281,710.0184326,1522.712402,677.138855,1511.151367,645.1791382,1357.21521,503.7878723,1432.637695,452.9537964,1518.830322,434.7038574,1523.749756,468.010437,1503.129639,497.6557922
31,1072.188843,579.3817139,1294.137451,568.7904053,1485.877075,569.1411133,1808.05896,564.74823,2316.273193,616.5899658,2405.989746,651.4749146,2529.842285,711.8065186,1376.720459,646.3209839,1438.526733,704.6426392,1503.756714,727.1463623,1513.299072,683.9299316,1504.337891,653.982605,1355.494263,505.8439026,1410.6604,469.3113403,1518.098145,437.553894,1524.382568,470.715271,1508.204712,499.5508423
32,1070.172119,579.2799683,1293.032104,570.3005371,1902.666504,561.1351929,1808.451172,564.7237549,2386.723877,628.3261108,2386.897949,626.3978271,2544.723633,707.8862915,1370.42627,649.7844238,1428.064941,713.5615845,1488.197021,740.3084717,1498.29541,688.4492798,1483.128052,652.6304321,1355.198608,508.1492615,1428.538696,462.9205627,1517.13562,441.8625488,1524.257568,473.2773743,1516.068848,502.245697
33,1070.125488,581.3361206,1288.218384,571.7276611,1902.20874,557.0211792,1810.480591,563.961792,2282.267822,583.6756592,2434.793213,636.7158203,2543.683594,696.9868774,1362.440308,649.7232056,1419.504517,722.3120117,1478.639648,754.3826294,1486.426758,696.4804688,1470.740845,655.1608887,1353.818604,510.5029907,1409.816772,475.9610596,1515.689941,447.2215881,1524.548462,478.3910522,1518.439209,505.2528687
34,1067.625366,580.8931274,1287.387085,575.6304932,1481.92041,579.8453979,1809.468994,564.5306396,2322.456787,578.9089355,2386.180664,598.9313965,2537.693604,676.87323,1359.594727,650.3486328,1402.672729,721.239502,1473.100708,764.5042725,1469.450073,698.8127441,1461.963501,661.3543701,1355.393555,512.4797974,1406.300049,483.4492798,1515.179932,449.3825989,1527.949097,482.172821,1521.451538,509.5013123
35,1065.124023,581.475708,1286.859009,579.6867676,1480.851929,584.5149536,1812.211304,565.2086792,2339.080078,568.6247559,2408.448486,592.9891357,2534.850098,658.3169556,1357.224609,654.0429688,1398.27356,728.0341187,1462.79187,773.366333,1464.208984,702.947937,1455.89563,667.5377197,1354.694092,515.5175171,1406.391357,485.7206726,1513.001099,454.3886414,1528.797241,487.0760803,1523.510742,512.6987915
36,1063.902466,580.744812,1281.819458,580.8265991,1478.160522,588.3555298,1823.188721,565.4329224,2298.475098,551.074585,2405.807373,577.135437,2531.204834,642.8317261,1354.772949,655.2619019,1396.117065,734.7354126,1459.005005,780.2765503,1462.91272,704.6555176,1453.820313,669.7869873,1354.759033,517.80896,1409.855835,487.3676453,1895.486816,447.6621399,1531.815674,490.8284302,1522.224731,516.3182983
37,1061.734009,579.0689697,1279.55957,582.6988525,1477.369385,592.850708,1809.880493,571.9197388,2167.307617,538.083374,2400.876465,561.0949707,2529.481445,624.9574585,1352.095947,657.8503418,1403.028442,752.9953003,1452.814697,785.708374,1461.092773,709.5592041,1453.148071,671.4627075,1353.956909,519.2825317,1408.744507,491.8604126,1894.837158,454.0336914,1532.193115,496.0734863,1525.069824,520.4733887
38,1062.04126,581.276123,1278.407593,584.6993408,1476.595703,593.3535767,1808.869019,574.5922241,2315.268799,530.0646973,2392.167236,546.4337769,2533.023682,608.9469604,1349.040039,659.5407715,1383.283569,736.3526611,1447.217896,789.9759521,1459.497314,714.2567749,1450.1427,671.8258667,1353.368774,520.4858398,1413.00769,492.1932068,1894.189331,460.3193054,1533.945679,500.4191895,1525.338257,523.6977539
39,1061.172607,581.3505859,1272.510132,585.7626343,1905.757813,565.3258667,1805.540649,578.8584595,2369.804932,530.8706665,2391.340088,534.5769043,2531.371826,592.5239868,1347.425293,661.2980347,1381.764038,740.2262573,1444.109741,793.1112061,1457.681274,715.3451538,1449.731567,672.2323608,1354.069702,522.2397461,1415.44873,494.7469788,1514.757446,472.7996826,1534.811768,504.1647034,1525.139282,526.909729
40,1059.981445,581.9882813,1269.46814,587.0725098,1910.557251,567.2595825,1805.514526,582.9073486,2120.155273,530.6700439,2375.062744,521.414917,2531.908691,577.4350586,1346.364258,663.6574707,1381.984009,747.0289307,1443.798706,796.1816406,1457.314819,716.6821899,1450.455322,675.2819214,1355.686035,523.1203003,1417.104858,494.7538452,1521.22998,479.6327515,1534.071411,507.1889038,1526.047607,528.8432007
41,1058.577148,583.576416,1264.675171,589.0101929,1913.152832,572.9160156,1810.291992,587.206543,2118.966064,530.9524536,2370.126709,511.3799133,2531.546387,563.0657349,1346.076538,664.6900024,1383.486084,749.6395264,1443.547974,795.7853394,1458.537964,715.6134644,1451.003052,675.0014648,1356.648193,524.260437,1410.621704,499.0916138,1890.896362,476.7210083,1532.396118,508.2478638,1524.382446,530.9955444
42,1057.373657,584.0595093,1260.444702,590.3450317,1912.142822,579.173584,1811.927612,591.0326538,2120.406006,531.8170776,2369.207031,502.0201416,2530.443604,544.7531738,1346.348389,667.7141113,1396.240234,758.3015137,1448.146362,794.6224976,1916.954224,644.2216797,1452.802612,674.3339233,1356.420776,525.8144531,1415.498291,499.4431458,1890.662964,483.0131531,1531.627197,510.0749817,1522.657471,533.5971069
43,1056.35144,584.4747314,1259.035645,591.1349487,1910.612061,583.1130371,1814.743408,594.0709229,2167.966309,531.206543,2364.040527,496.5679626,2527.66626,529.2804565,1346.920532,668.4309692,1402.085571,758.434021,1453.642578,791.1287231,1915.932617,650.1766968,1452.1875,674.2192383,1357.331909,526.2432251,1418.068359,501.0432739,1893.439575,492.4910583,1531.218384,511.2103882,1523.321289,535.9075317
44,1055.135986,585.0479126,1256.493774,592.9076538,1914.122803,587.9961548,1818.153198,597.8475952,2082.42627,552.854187,2355.219727,491.0119324,2524.869385,515.0245361,1346.583618,669.7183838,1404.32312,754.9908447,1459.015137,788.4473267,1914.254028,655.1798096,1456.244019,677.9880981,1355.986328,526.4044189,1414.505249,500.812439,1514.870239,484.743042,1904.702271,522.0708008,1521.761353,537.0725708
45,1055.181641,584.9990845,1247.250244,593.9718018,1917.295288,592.8600464,1818.383667,599.8031006,2081.945068,557.8076172,2345.560547,486.8094788,2525.029297,501.3192444,1346.736938,671.0091553,1404.637085,749.802124,1463.785156,784.6665649,1472.945679,716.1602173,1458.903687,679.1486206,1356.800171,526.02771,1418.948364,498.1639404,1896.8927,514.130127,1909.188232,529.5916138,1520.727539,537.8245239
46,1054.139404,586.3643799,1245.118896,595.2676392,1921.85144,596.9650269,1815.962646,604.5817261,2087.585205,564.3294678,2340.087891,482.7386169,2523.373779,489.0106812,1346.608154,671.0108643,1410.766602,750.1941528,1467.158447,781.3047485,1475.751587,713.2498779,1462.38269,679.0325928,1358.500977,525.3721313,1416.988281,499.4359436,1897.138672,526.0980225,1529.068604,513.6537476,1519.525757,538.3080444
47,1053.05542,588.2255249,1244.390747,595.8815308,1480.717896,603.6663208,1819.210815,610.5237427,2090.160645,572.9837036,2336.269775,479.402771,2522.392578,476.168396,1346.764893,671.210144,1412.161499,746.5402222,1469.894897,777.5258789,1479.79187,713.0238037,1465.252686,679.4338379,1359.448364,523.7000122,1417.287964,498.9375,1507.44043,483.4276123,1529.807129,512.1464844,1519.402832,537.887085
48,1052.863892,589.328186,1243.537231,596.0800171,1894.894409,612.3014526,1816.910278,613.9975586,2091.973877,578.6116333,2335.017578,478.2852478,2529.787842,475.9933472,1346.513306,670.649231,1412.871826,744.2393188,1472.118042,773.9523315,1480.4646,711.4407959,1469.142456,678.1868896,1358.664429,523.468811,1416.552612,498.4833984,1503.638916,483.6169434,1528.531982,513.7062378,1517.008667,534.9699097
49,1051.93457,589.8483276,1243.280151,595.5490723,1894.853516,616.7047119,1814.863403,615.4991455,2091.112549,588.9089966,2333.635986,478.6936951,2527.149902,464.2344666,1346.573242,669.6940308,1403.891113,736.0628052,1472.350342,770.8979492,1484.151733,710.9925537,1471.714355,678.121521,1357.485107,522.2883911,1419.369263,495.9140625,1506.22644,484.2919312,1526.85791,512.1172485,1515.306641,533.8179932
50,1051.472778,590.173584,1241.989258,594.0603638,1895.627075,618.2007446,1814.638306,617.9608154,2097.286133,591.4449463,2316.734131,487.4143372,2524.030518,455.8592834,1346.439087,667.8842773,1404.170288,733.227356,1473.440308,768.5258179,1486.38501,709.7689209,1473.464111,675.9537964,1356.500854,520.8074341,1416.328003,494.9653015,1506.320923,479.0976257,1525.005615,507.8556213,1514.870483,530.8877563
51,1051.060181,590.7435303,1238.356934,591.2788696,1477.952393,595.9278564,1845.854004,622.7416382,2167.877441,576.0947266,2313.280518,490.8361206,2518.385986,444.145752,1346.630371,667.230957,1404.287842,729.8806763,1474.554077,765.0270996,1487.460938,707.1224976,1473.081299,673.230896,1354.285645,517.7488403,1415.90332,490.8684387,1501.142456,475.1644592,1523.600708,504.7351074,1514.122559,529.1015015
52,1051.046875,589.9261475,1238.538086,588.7124023,1477.86731,593.4605103,1844.10022,626.7380981,2173.753174,580.9105835,2312.06958,500.3687744,2513.679932,432.8987427,1346.9552,665.4552612,1402.164307,726.4911499,1474.382446,762.6552734,1487.124756,703.8286133,1472.609375,670.7541504,1351.060669,516.3667603,1408.497681,490.1403503,1494.537964,470.9417419,1518.987061,499.7671204,1513.121948,526.1600342
53,1050.368042,590.4068604,1240.209717,586.8764648,1472.432983,587.7474976,1846.326416,624.7064209,2092.440674,612.7855225,2316.327637,511.3770447,2509.680664,434.4986267,1346.876343,664.0194092,1399.22937,719.8935547,1473.35376,758.390686,1487.764771,699.5916748,1473.110718,668.8509521,1349.96228,514.3944092,1407.811523,485.8851929,1493.829834,462.3986816,1517.060547,494.0808716,1510.06897,522.5808105
54,1050.602783,589.1159058,1238.719971,582.8915405,1476.135986,587.8334961,1846.163818,624.5186157,2094.901123,618.0046387,2319.541748,521.2704468,2508.216309,428.7021484,1346.890259,661.3134155,1402.549561,718.3999023,1472.899658,754.4777222,1488.182983,699.1894531,1475.071777,665.4572754,1347.2229,511.5602417,1405.377441,479.2733765,1501.272705,456.4794617,1513.97937,489.7073059,1506.830322,518.4345703
55,1050.560181,588.6733398,1243.174072,579.4711304,1477.801758,583.1357422,1879.502197,627.3067627,2075.200928,623.5172729,2314.28833,535.4367065,2507.406006,424.1205444,1348.20459,655.5354004,1405.650757,716.7593384,1477.118896,749.069519,1489.398315,699.1376953,1474.977539,660.7385864,1344.051758,506.8364563,1404.854614,472.3577881,1490.959961,447.1329651,1509.929932,482.9862976,1494.194946,514.3894653
56,1050.512939,586.9711304,1239.897217,576.2895508,1476.633911,580.0881348,1823.949219,617.232605,2072.739258,629.9406738,2318.853027,544.5994263,2508.98291,443.2836304,1347.941406,651.2592773,1404.87146,710.6113281,1478.236572,742.3009033,1489.496094,694.890625,1477.312866,659.3365479,1341.417969,503.8276367,1396.259766,464.3830872,1488.288818,437.6400452,1505.20874,477.0364685,1490.846802,511.5733337
57,1050.278564,586.0358887,1237.829224,574.1925049,1475.565186,576.4074707,1808.562622,611.6772461,2182.162354,626.0880127,2321.412598,557.9258423,2513.753662,450.056427,1349.731445,649.2063599,1407.095215,705.3292236,1478.635376,737.1741943,1490.189941,690.1902466,1478.405762,656.1663818,1338.130859,501.0204163,1391.748657,459.6889038,1475.689331,424.6391907,1911.398315,571.2515869,1485.789307,507.6357422
58,1050.012939,585.1133423,1239.325928,572.0698853,1472.075562,570.9754028,1808.502197,606.8897705,2182.813965,631.9016724,2353.70166,558.2633667,2517.006836,459.0774841,1349.238403,646.355957,1408.810059,702.0231934,1478.984009,729.8880005,1493.352173,687.0878906,1479.210449,652.8407593,1334.660645,497.4544373,1389.931885,451.4884644,1475.075439,416.9378662,1913.988403,568.6794434,1480.545776,502.5327454
59,1049.894653,583.7142944,1245.140503,568.6325073,1472.766357,567.1299438,1807.006592,602.1407471,2189.145508,636.1587524,2345.161865,574.000061,2516.671387,464.3823853,1348.865234,643.6113892,1413.118774,699.7124023,1478.37207,725.3497314,1492.241089,682.9268799,1480.148071,649.2401123,1334.669678,494.6799316,1384.812866,449.0510254,1474.606689,406.5328064,1914.206421,566.1271973,1477.108398,497.0834961
60,1049.936279,583.1204834,1246.353882,564.4227905,1466.974365,559.0871582,1813.633545,599.9326782,2188.537842,639.1835327,2334.857666,591.397583,2518.807373,483.7763062,1349.188477,641.7416382,1413.236816,695.121521,1481.694092,722.1779175,1493.117188,679.2288208,1479.567505,643.1591187,1333.437744,492.4660034,1387.723022,439.2131958,1471.461914,399.8742065,1913.437378,563.1912842,1466.704468,491.6625061
61,1049.86731,582.552124,1246.46936,563.4769287,1468.110107,556.8502808,1807.559082,596.9049683,2190.750488,643.2503662,2341.01709,600.6506348,2523.565674,497.6985168,1349.877441,637.6609497,1414.226074,690.6777954,1482.4552,714.993042,1493.705322,673.6719971,1483.29126,641.2201538,1331.283813,488.9928894,1387.434937,435.2119446,1473.690063,395.7839355,1473.965942,448.025116,1454.911621,489.4310608
62,1049.862305,583.163147,1246.186523,562.2885132,1452.884644,550.7910767,1810.666748,590.8746338,2188.396484,646.2729492,2339.981689,610.6987915,2531.895752,504.4516907,1352.010498,633.5952759,1418.377563,688.081665,1481.58374,710.263916,1495.225342,670.3325195,1481.821899,635.371582,1330.986816,487.427063,1379.420288,437.631897,1905.641846,531.6976318,1471.766479,447.6801453,1455.442627,486.2956543
63,1050.022827,583.3028564,1245.697998,561.1454468,1466.772217,553.5518799,1811.376953,584.7192993,2198.532959,646.5670776,2343.056641,618.7612305,2535.943115,521.687439,1350.672119,632.1619263,1415.143799,682.6347656,1483.004639,706.9202271,1497.364868,667.6109619,1483.654907,634.4598389,1330.528198,484.7738037,1380.812988,433.0876465,1906.159058,525.3076782,1471.741455,448.075592,1454.973877,483.7521667
64,1050.030273,583.5303345,1246.762817,560.3446045,1465.40979,547.0241089,1806.846191,577.3469849,2196.375488,648.8240967,2379.707764,618.6467896,2540.722168,535.9578247,1351.54541,630.0892944,1415.922852,679.1484375,1484.863892,701.9500732,1496.727905,662.5349121,1482.140259,626.1842651,1329.497437,483.5305481,1381.23938,430.9291382,1460.76355,388.6913452,1474.976318,444.5016479,1458.530884,482.3900757
65,1049.935791,583.9708862,1248.824951,559.2242432,1465.67334,547.7518311,1805.622437,572.3239746,2121.289063,642.4555054,2383.322998,624.6898804,2544.757568,550.5714111,1352.647095,629.8146362,1418.190796,678.6130371,1486.53894,697.7981567,1496.67688,660.5866699,1480.948608,624.7874756,1328.297607,482.9530029,1382.359619,429.0842896,1463.713745,387.7574158,1474.948608,441.9401245,1457.947021,479.6646423
66,1049.987671,583.93927,1248.372437,558.5059814,1465.268311,546.9508667,1808.535889,567.0853271,2188.330078,648.1353149,2370.379639,634.3590088,2548.614502,566.4907837,1352.29895,628.8312988,1418.444336,677.7211304,1485.867432,696.7384033,1496.679565,658.7156982,1480.334351,622.4508667,1326.707642,483.3070984,1382.017456,428.9723816,1461.317017,387.6685181,1476.600464,440.8317261,1459.080811,477.9520569
67,1050.006348,584.0202637,1249.202515,558.4404297,1467.966553,545.6351929,1806.03418,562.9082031,2075.558105,621.1098633,2372.215576,639.5618896,2551.97168,582.3239746,1352.096313,628.5772705,1417.575073,676.6506958,1484.179688,695.0859985,1497.424072,657.8773804,1481.265259,622.2102661,1325.727051,483.5757141,1381.350952,429.1599426,1460.9104,387.7424927,1476.216675,440.1709595,1459.81665,476.2883301
68,1049.862427,584.2718506,1250.1521,558.3803711,1902.669556,579.6317139,1806.051147,559.6580811,2079.831299,616.3770142,2393.150391,641.2373657,2553.054932,594.0603638,1351.522827,627.6959839,1418.755493,675.7230225,1483.472534,694.8199463,1496.083984,656.8572388,1482.184082,622.7938232,1324.780273,484.4801025,1381.915039,428.0330505,1462.082275,387.5763855,1475.201904,440.5256042,1460.207642,475.5005798
69,1049.91333,584.2924194,1251.646362,558.0584717,1896.325684,575.0131226,1805.969971,553.1763916,2086.629395,609.4813843,2373.151611,647.9503174,2552.786865,605.487915,1351.484131,628.5592651,1417.528687,674.0170288,1484.78772,694.7338257,1497.614502,657.9932251,1482.054443,622.0232544,1324.643921,485.8724976,1382.646851,429.5409851,1463.748291,387.6517334,1476.768188,439.0249023,1460.820068,475.3059082
70,1049.935425,583.6713257,1254.693237,558.0338135,1486.115234,549.7467651,1805.490967,548.3239746,2088.927002,603.0918579,2372.197754,651.0057983,2554.08667,616.7615356,1351.534302,628.9463501,1416.852295,676.1772461,1483.562378,693.6380615,1495.50647,656.7332153,1482.566772,622.5564575,1325.657227,486.6443787,1387.368896,428.2028503,1468.197754,389.681366,1477.374512,440.4790955,1460.764771,476.3947144
71,1049.814819,583.1862793,1258.689575,558.2521973,1467.594116,546.0441284,1803.961182,544.9451904,2149.407959,606.1680908,2365.216797,650.2664795,2556.488525,627.8538208,1352.687866,628.8242188,1413.976929,676.7585449,1470.679688,691.8532104,1495.236206,657.3789673,1481.718872,622.6171875,1324.550537,487.8258972,1387.339844,430.8029785,1470.355103,391.7841797,1479.647217,442.367981,1461.716187,477.8976135
72,1050.055176,580.9898682,1261.83313,559.607666,1467.122559,548.6486206,1804.332886,543.6890869,2423.623779,658.0372925,2371.902344,646.2315063,2534.467529,649.9810791,1352.403198,631.3406372,1407.41333,676.5628052,1491.098389,700.0411377,1496.073242,660.3760986,1481.042969,625.3000488,1324.744019,490.4849243,1387.577637,435.4142456,1476.531372,396.4501038,1483.151978,444.7992859,1465.874634,478.4264832
73,1050.123047,579.2672119,1265.989624,560.2260132,1455.950928,549.331604,1804.430664,543.7266235,2426.837158,657.8632813,2396.613037,647.567749,2530.951416,659.7799072,1352.644775,632.480835,1413.322388,679.4229736,1490.744019,696.4129639,1495.308472,663.1345825,1481.818115,628.5281372,1325.511475,492.1175842,1388.272339,437.7365417,1481.921631,401.9721069,1486.008301,444.4819336,1482.29895,480.7720337
74,1050.549072,578.2818604,1268.134521,562.3851318,1454.380005,551.5744629,1802.382446,543.9092407,2340.58374,623.5108643,2402.00415,641.8964844,2529.639404,667.9140625,1353.507813,633.7526855,1406.163452,680.8550415,1487.615479,695.5378418,1495.073486,663.5005493,1483.682129,630.9251709,1328.139648,493.5679626,1398.80542,435.6498108,1482.182373,406.4429016,1491.639404,447.5778809,1484.152588,482.5782776
75,1051.108887,578.368042,1268.034302,562.7399902,1455.270264,554.6749268,1802.278442,544.2628174,2354.798828,615.265564,2364.937744,617.4190674,2532.711182,670.774353,1354.917236,637.1231079,1409.744995,688.7038574,1481.354492,703.5741577,1495.751709,668.7263794,1483.82605,635.3131714,1330.443481,496.375885,1403.122925,437.6480408,1893.006592,442.1956787,1491.323486,452.1154785,1482.614746,486.3282471
76,1051.356689,578.6158447,1269.951782,564.6436768,1454.138062,557.6262817,1802.692993,544.5827026,2284.848633,582.3601685,2382.709717,610.3818359,2501.789063,668.2775879,1351.802734,641.3988647,1407.823486,690.4055176,1479.959961,717.96698,1492.366333,672.2799072,1479.571899,639.8324585,1330.616333,498.1671448,1377.335938,461.5844727,1891.209229,438.6096497,1492.804199,455.7703552,1483.501831,490.37854
77,1052.38501,577.9199219,1270.630371,566.7754517,1466.828857,563.0724487,1803.779907,545.5410156,2322.113037,578.0144653,2373.597656,595.1918945,2501.926758,659.479187,1352.543823,641.3695679,1408.547363,696.9152222,1474.572998,719.2781372,1487.308716,676.9956055,1474.002686,643.50354,1332.219482,500.6426086,1377.49707,463.23349,1486.815918,417.834137,1504.078491,463.0540466,1490.42395,492.3309631
78,1052.259155,581.2817993,1270.274658,568.3374634,1468.028442,567.8475952,1800.702637,546.0998535,2336.797363,570.0106812,2370.232178,581.9447021,2497.834717,646.4279175,1351.689331,643.9648438,1407.807007,701.7786255,1479.755981,729.835144,1488.220215,682.7524414,1472.10437,647.2770386,1334.935547,503.1495972,1378.742432,466.4679565,1889.886475,437.8443604,1504.1521,466.7001648,1490.032715,496.8196106
79,1052.58374,582.5424194,1270.049072,571.7362061,1471.016968,570.5355225,1802.506348,549.5927734,2305.080322,552.2612915,2355.488037,563.0222778,2499.124756,632.6019897,1350.732788,646.8925781,1408.272583,707.0947876,1479.820313,738.5136719,1487.052124,689.0622559,1469.982666,652.3972778,1336.861694,506.4064331,1393.083496,463.6672668,1490.208862,428.4364929,1505.614258,470.4746704,1488.327148,499.4412537
80,1052.940674,585.4258423,1271.184814,575.5176392,1474.178833,578.0300903,1801.81189,551.3327637,2304.629639,542.6113892,2351.883789,549.1137695,2499.189697,616.3568726,1350.637695,649.1958008,1406.689209,714.0744019,1480.574097,746.6292114,1485.60791,692.7136841,1466.744873,656.5367432,1338.335327,510.2362061,1398.306641,465.6722412,1891.278442,440.8335266,1506.899658,474.3649597,1492.85022,503.18927
81,1053.441528,586.3464966,1266.178345,577.8214111,1472.384033,580.8610229,1795.889648,559.3741455,2128.247559,526.0424805,2393.458496,549.743042,2499.260254,603.4174805,1351.554199,654.4892578,1404.822632,717.6807251,1477.796875,751.9784546,1482.268066,695.81073,1465.45752,660.8648682,1340.819824,513.7578125,1396.409058,473.9854736,1890.979858,443.0351868,1509.74353,479.6770935,1496.853271,506.934021
82,1053.542725,587.7183838,1266.577393,583.1937866,1471.72644,585.2444458,1803.702759,561.083252,2127.275635,525.7814331,2377.20459,531.6601563,2502.989502,587.883606,1350.039673,658.5895386,1399.880005,719.8355713,1475.383545,761.9960327,1480.906494,703.2072754,1461.533691,663.8607178,1341.608643,517.4402466,1404.5625,478.2965393,1889.903198,447.241394,1514.390869,484.1596069,1502.159912,512.6420898
83,1053.984497,588.7913208,1265.297852,587.920166,1472.309937,591.0073853,1808.152588,564.9393311,2121.779297,527.7542725,2402.497803,525.2126465,2504.619141,572.1362915,1348.174438,662.4381714,1410.187134,738.3068237,1469.813354,770.7380371,1474.286865,706.5490112,1456.841431,668.9117432,1342.717651,521.0601807,1399.157593,488.3120422,1889.672607,451.8709717,1518.160522,489.9689941,1506.000977,516.8604736
84,1054.581299,588.3952637,1261.369995,589.8086548,1477.171509,595.2369995,1808.803467,568.8828735,2364.505615,507.5362244,2377.064209,509.6418152,2504.915283,555.0132446,1347.341309,666.4208374,1409.877075,748.4655151,1464.298584,779.0996094,1470.318115,710.9689941,1454.917969,674.2941284,1345.33606,525.1038818,1401.527344,494.2639771,1505.768188,465.6532898,1524.441895,497.5472717,1512.893311,522.3023682
85,1054.961426,587.9801636,1256.726685,593.1862793,1480.890869,599.381958,1805.036133,576.6120605,2121.994629,529.6810303,2329.710693,501.5368347,2501.702637,537.3569336,1346.549805,669.6921387,1410.603149,757.2543945,1462.200073,785.4998169,1467.443481,718.3074951,1455.752686,681.6744385,1349.077881,529.12146,1414.138794,495.739502,1889.716187,463.1977844,1527.292603,505.2677917,1517.245361,528.7165527
86,1055.837891,586.1341553,1255.423584,595.2024536,1479.301636,606.1936035,1803.867188,582.6036377,2368.216309,489.7235107,2332.552734,494.6096191,2499.338379,522.5806274,1345.073364,672.6044312,1404.090332,756.208313,1458.990601,789.6748657,1465.703491,721.7053223,1452.424805,683.4284668,1353.797363,531.7678223,1410.139282,504.6092529,1889.670044,469.1101685,1529.261108,511.2972717,1519.636475,537.9135132
87,1055.955078,584.0772095,1253.440552,596.5567017,1899.137695,578.9137573,1805.716919,592.3756104,2361.420166,484.6196594,2351.150879,486.4475403,2498.545654,507.5339355,1344.084351,676.7815552,1402.158447,760.7003784,1458.097412,793.0292969,1465.241699,726.6166382,1452.262207,688.3120728,1357.933594,534.1608276,1414.126099,507.6698303,1890.296265,477.3217468,1532.24646,514.9603271,1521.416504,541.9349976
88,1057.127075,582.1740112,1248.526123,597.331543,1492.29126,617.1356812,1802.710449,598.6692505,2182.755859,526.4049683,2347.907715,478.0598145,2497.725586,494.5472412,1344.043701,679.4976807,1400.075073,762.0200806,1456.36084,797.0966797,1466.033691,729.2826538,1451.610596,690.1708374,1360.190796,535.9752197,1415.088135,511.5193787,1891.230469,485.7366333,1892.315063,513.3845825,1522.387695,545.9241943
89,1056.952881,583.0858154,1245.133179,597.5596313,1909.979126,593.9211426,1806.199341,607.4842529,2085.950928,564.5765381,2347.740479,471.0697327,2494.876709,482.3590698,1343.283691,680.6928101,1399.446533,762.9802246,1455.315186,798.6013184,1465.5802,730.2722778,1449.999512,692.0250854,1359.863647,535.0483398,1415.693726,510.2362671,1890.803345,495.0142517,1894.206177,523.1774902,1518.520874,551.8380737
90,1057.459229,583.7261353,1245.110474,597.6504517,1489.580444,618.2828979,1800.675537,623.0643921,2171.766602,540.1826172,2344.875977,468.1412964,2489.172363,470.4591064,1342.699951,681.081604,1396.526245,762.2481689,1453.651123,799.5671997,1463.133667,729.548584,1449.036377,693.5073853,1358.491699,535.388855,1417.437988,505.1833801,1893.875732,506.1267395,1893.221558,532.987915,1510.867432,553.3676758
91,1056.187866,584.9452515,1245.859497,597.8423462,1469.529175,617.0426636,1812.84082,626.1453247,2315.793213,479.2059326,2343.605225,468.5278931,2485.790283,463.0658569,1340.966187,680.7614746,1393.798218,764.2625122,1449.789673,801.600647,1460.549927,731.385498,1449.608276,696.9526367,1357.895386,535.052063,1418.732788,499.825531,1895.957642,516.9241943,1508.848022,521.1242676,1507.91748,553.1029053
92,1055.030762,585.6699829,1246.678467,598.0679932,1468.018555,616.9752808,1808.376099,633.5421753,2313.037598,483.2432251,2306.591797,484.4235229,2482.243408,454.3927612,1340.211792,680.3077393,1389.290894,768.225708,1442.000366,806.9074707,1455.161377,732.1887207,1445.935059,698.2164917,1355.534912,535.3117065,1415.371582,500.4668274,1898.930298,528.2801514,1899.821289,555.3029175,1500.858643,553.3214722
93,1054.85022,586.6560669,1246.828857,598.3071899,1463.729248,616.5009766,1813.847046,636.3087158,2323.97168,481.7610474,2298.551025,495.5914612,2478.355469,449.7589417,1338.91272,679.855957,1385.370239,773.9193726,1434.687012,811.8530273,1447.619873,731.8169556,1440.379639,697.2401733,1351.577515,535.1313477,1420.150879,490.7857056,1899.154663,543.4581909,1905.563843,566.135376,1492.867188,551.1298828
94,1054.151367,589.0496216,1247.07373,598.5584717,1911.393311,646.4265137,1805.072388,644.3397827,2087.393311,611.4238892,2300.24585,504.0111389,2472.8125,444.5848389,1337.915527,678.6752319,1375.771729,768.6721802,1425.527832,814.1898193,1439.499756,735.8376465,1434.109863,696.5981445,1351.083862,533.5631714,1408.206177,491.2659607,1900.416504,554.0267334,1905.796143,575.506897,1488.495117,548.0693359
95,1054.083862,590.8652954,1247.328857,598.3630981,1906.201416,652.2749634,1807.235596,648.9917603,2077.265869,627.4171753,2304.899902,511.5817261,2469.582031,442.6094055,1334.974609,677.4115601,1370.524536,771.2400513,1417.611084,815.5227051,1432.953857,733.6572266,1426.068848,688.973938,1347.941162,531.8352661,1396.314453,490.7503662,1903.867554,561.9570923,1909.292358,585.3964233,1481.802734,545.4662476
96,1053.288086,591.0717773,1247.217651,597.9067993,1901.71582,657.4400635,1806.333984,649.9252319,2073.968262,640.1217651,2302.923096,532.9489136,2464.395996,442.7234192,1333.897827,675.9959717,1367.462036,772.6275635,1413.052368,817.8779297,1890.337646,725.4846802,1422.37439,684.3302612,1345.827148,530.1665649,1395.687134,484.1356201,1902.134399,570.1430664,1910.80896,590.947937,1472.675659,542.524231
97,1052.179443,592.0803223,1246.023315,596.7977295,1900.025269,662.4411011,1803.960205,649.3435669,2076.662109,650.6859131,2309.246826,544.682251,2465.745361,444.9033813,1333.579956,674.3910522,1367.213379,772.840271,1407.999023,818.8591309,1886.730225,729.0509644,1422.075439,683.1902466,1343.371338,529.2714844,1399.455811,476.145874,1902.860962,576.1946411,1913.576172,595.4833984,1470.181396,540.0933228
98,1051.691528,592.1364746,1245.241455,595.7727661,1897.430054,665.3510742,1804.156982,649.593811,2167.999512,641.1796265,2310.61377,565.5307007,2472.231445,456.0752563,1332.992676,672.718689,1361.541504,765.0609741,1407.64209,816.7210693,1425.954346,728.3034668,1421.115234,682.263916,1343.029663,528.5092163,1396.143555,475.1637573,1903.501953,582.7202148,1915.730957,600.3810425,1467.233887,537.0777588
99,1051.63623,592.1252441,1245.008789,594.3571167,1899.56604,666.9457397,1800.437378,648.2279053,2175.222168,650.3946533,2312.763672,585.9786987,2475.973877,467.5604858,1332.471069,670.3690186,1356.80481,758.2689819,1406.384155,813.3459473,1882.82959,730.5081787,1420.466309,677.12146,1340.661743,526.9636841,1396.587891,469.4379272,1902.125488,585.74646,1915.46582,602.5728149,1907.977539,618.5706177
100,1050.435059,591.491394,1244.742065,593.026001,1897.890503,667.6027222,1800.882813,646.328125,2092.826904,664.2963867,2334.182617,592.2753906,2478.551025,477.9077759,1332.008667,668.8397217,1356.140015,756.5038452,1406.013428,810.3294067,1880.800415,731.5921631,1421.786621,673.9749146,1338.552612,524.289856,1394.218506,471.7711792,1902.017578,587.0761108,1914.917725,603.5811768,1908.161133,619.2965088
101,1049.66626,590.9783325,1244.92334,590.8071899,1896.658569,666.5011597,1805.692871,644.8981934,2184.268066,668.5041504,2323.12793,616.2169189,2486.145752,485.048584,1332.36792,668.0666504,1356.605713,754.4226074,1405.450684,805.4758911,1434.884155,715.694397,1424.128296,674.9331665,1336.932861,522.9758911,1385.429077,474.6315613,1900.871338,586.4281006,1914.009888,602.7390747,1907.556274,618.7702026
102,1049.349976,590.2463989,1249.488403,589.2863159,1895.90271,665.7088013,1803.703247,642.692627,2186.827393,674.727478,2328.10083,628.2640381,2494.593506,501.4560547,1332.296753,667.5236206,1357.169922,751.5947266,1405.256104,801.5966187,1437.14209,716.413269,1427.629395,675.6147461,1336.110596,520.9135132,1384.281372,472.3231812,1900.892578,584.4232788,1913.640503,601.7424927,1906.741943,617.8466797
103,1048.641602,589.5284424,1250.414551,587.5732422,1893.789307,661.9556274,1803.812256,640.8721313,2200.635254,682.9959717,2360.488281,625.7164307,2499.649658,522.0129395,1331.156494,665.6259155,1363.314453,750.1740112,1406.998901,797.3336792,1439.966187,717.5073242,1431.567871,673.5561523,1334.803101,518.8331299,1384.09729,466.5070496,1902.504639,581.5118408,1915.034546,600.3555298,1906.557007,615.6855469
104,1048.00061,587.7716064,1251.955811,584.2911987,1892.742188,658.8829956,1806.889526,635.9976807,2456.76123,581.7644043,2365.890137,639.2346802,2507.119873,541.8206787,1332.086182,659.3312378,1366.41748,745.5327148,1413.794312,792.7211304,1442.333374,705.5501099,1432.870117,667.2674561,1335.34375,516.3960571,1383.491699,465.4350586,1902.993774,578.539917,1914.553711,597.8165894,1904.939697,613.1954346
105,1047.391846,585.8475342,1252.35144,580.7163086,1891.372803,654.2052612,1807.307373,632.1671143,2300.163818,677.1112061,2391.864746,640.0993042,2512.730225,560.7318726,1334.182495,656.5354004,1368.809448,736.2039795,1420.951294,782.0806885,1448.644165,701.0106812,1440.852051,660.3979492,1335.850464,514.1984253,1388.235474,461.3917542,1900.741455,575.4539185,1912.560913,593.5316772,1904.099609,609.9300537
106,1046.783936,582.2243042,1254.261719,576.5322266,1896.306763,652.4140625,1810.955933,627.1610718,2294.830811,684.9589844,2363.575195,664.8710327,2513.626953,581.2131958,1334.318237,654.519165,1374.561401,733.9031372,1431.724609,774.8625488,1455.783936,700.2099609,1446.694214,661.0307617,1334.713013,511.4570923,1389.865723,462.8588257,1899.061401,573.027832,1912.058228,591.0096436,1904.77417,606.9749756
107,1046.752808,578.769104,1251.732544,574.2584229,1899.992188,649.0269165,1803.851074,619.2347412,2302.167969,688.8426514,2317.040283,688.227417,2519.905029,598.8016968,1334.214844,651.2224731,1379.722046,727.729126,1440.357666,767.0245361,1462.134155,693.1881104,1449.901855,654.1373291,1333.888306,508.3250122,1389.967407,464.2010803,1898.768188,569.9873657,1912.561157,586.5612793,1476.498047,513.7225952
108,1046.230225,577.3295898,1256.420654,571.8443604,1898.7854,644.9933472,1805.550049,616.4876709,2089.866211,673.2064209,2330.6521,691.9940796,2514.897461,616.5905762,1336.968994,645.9137573,1382.671143,718.1567383,1447.54895,760.4856567,1466.939331,687.0350342,1453.678589,654.3256226,1334.133423,505.2121277,1396.526001,461.300293,1900.126343,566.4462891,1912.308105,582.5748291,1482.047607,511.5896606
109,1045.900757,574.6478882,1251.542603,568.1185303,1468.14856,576.5336914,1804.795288,612.4117432,2089.278809,671.6856689,2360.433105,692.4893799,2521.368896,629.868103,1338.282471,642.4976807,1388.740723,715.3685303,1452.901611,753.9351196,1473.230835,684.2415771,1458.080322,648.0861206,1334.780151,502.3688965,1390.706543,462.6824341,1901.060059,560.2184448,1912.95459,579.5076294,1485.506348,507.35849
110,1045.553345,572.3131104,1255.088257,566.9562988,1901.048096,633.7039795,1802.472656,606.2088013,2091.737549,668.489624,2333.543945,700.3134766,2525.820801,643.4849243,1337.904419,638.6625366,1393.481567,709.0722656,1457.816528,747.0467529,1477.317261,680.4993286,1463.744385,647.4401855,1332.841553,499.9804688,1390.395386,462.2903442,1901.505127,554.9776611,1913.091797,573.4171753,1488.195557,504.6022949
111,1045.597534,571.5679932,1259.344971,564.7572021,1468.53418,569.3931274,1806.651733,602.1517334,2159.8396,686.1658936,2341.085693,701.7459106,2531.791504,655.0732422,1339.317871,636.5235596,1396.707642,703.8380127,1462.871948,741.335083,1479.331909,675.2689819,1466.494263,642.819458,1331.385986,497.6982117,1388.13208,459.532135,1905.146362,547.984375,1914.743164,568.8579712,1487.643677,500.7294617
112,1046.024658,571.1619873,1263.168701,563.4241943,1896.727661,621.3731079,1807.353882,599.6902466,2308.612061,703.3804321,2352.93457,704.2017822,2502.13501,683.7166748,1340.599243,636.493103,1397.202759,698.6484985,1467.094116,732.854248,1483.633179,674.8623657,1468.030151,640.0502319,1330.66333,496.1229248,1377.876099,462.8798828,1908.713013,540.4152222,1914.670776,562.3585205,1488.706665,497.9793091
113,1046.386597,571.2833862,1266.825806,562.1245117,1895.529053,617.2520752,1805.560791,590.0328369,2308.735107,702.2849731,2363.354004,705.0013428,2499.869141,692.8099976,1343.702148,635.6153564,1403.048828,697.4038086,1471.621948,728.3845215,1485.734375,673.6419067,1471.498657,640.3207397,1331.651489,495.6107483,1390.226196,453.7969666,1908.471069,532.9168091,1913.862793,554.0835571,1490.237305,495.1529236
114,1047.276611,572.0897217,1268.077148,561.4976196,1895.99231,610.1060791,1806.913452,587.4364624,2309.068848,701.378418,2368.386475,706.119812,2501.062744,700.4949341,1344.842529,633.9343872,1402.944214,694.6569214,1473.501465,725.5698853,1487.617065,673.1676025,1475.290649,641.0286255,1333.174072,494.7872009,1389.516968,453.9119873,1483.9823,419.1199036,1913.901978,547.6901855,1492.350098,493.1732788
115,1047.963135,571.9087524,1272.511719,562.7960205,1898.056274,604.572876,1807.466187,579.7052612,2307.015381,699.8424683,2384.794189,708.0512695,2495.952393,710.3483276,1345.587158,631.9329834,1404.001831,694.1158447,1475.236572,727.0818481,1486.549805,669.6908569,1472.290161,638.3556519,1334.283325,493.9967041,1389.990112,453.3852539,1907.418579,517.4155884,1914.316895,540.2619019,1904.244507,554.9821167
116,1048.708496,571.723877,1272.431274,562.0895996,1898.33252,593.6884155,1807.17749,573.1089478,2188.235107,671.1356201,2379.794922,707.2306519,2504.88208,711.9238892,1346.949585,630.7521973,1403.932983,694.5576782,1475.414673,728.2333984,1484.365723,667.5952148,1468.711426,635.9718018,1335.514282,493.5542603,1390.781982,453.5524292,1490.250732,419.1765442,1914.531494,531.210022,1903.503784,547.2351685
117,1049.455078,571.8545532,1273.898804,560.715271,1908.451782,591.1330566,1807.202393,568.661499,2185.552734,666.121521,2354.364502,706.2263184,2510.464844,717.9047241,1348.336182,630.848877,1403.08667,692.8647461,1472.894897,728.3897095,1900.30127,650.9429932,1465.624878,634.4390259,1336.921753,492.7955017,1390.603271,454.2911072,1911.899658,500.9094238,1914.91272,522.4667969,1903.416992,540.0634766
118,1049.774658,571.3197632,1274.426514,560.0903931,1910.422974,584.7349854,1815.718872,563.9482422,2176.014893,657.8266602,2383.105225,707.3330688,2514.128174,718.5595703,1349.544678,630.72229,1404.28833,694.0628052,1893.82666,652.1555786,1902.667725,642.677063,1465.599731,634.0812988,1338.432373,492.4862366,1391.679565,453.7515564,1491.27832,417.7752075,1916.13208,516.779541,1903.61084,534.5543823
119,1050.6698,570.0353394,1270.879028,558.8403931,1914.558105,578.2380981,1807.901245,560.2365112,2083.308594,609.3706665,2362.711182,704.5645752,2541.650146,715.3840942,1349.94519,630.934021,1399.562134,689.2077026,1475.730225,731.4728394,1904.255005,636.3092651,1465.704224,635.2944946,1339.544922,491.4595337,1404.770264,446.8351746,1492.303589,417.4111633,1915.744507,509.8302307,1904.840942,526.729126
120,1051.882324,570.2475586,1280.56604,558.4841919,1456.50708,556.4851685,1812.623047,556.3234253,2184.991943,633.2340088,2369.902832,703.1339722,2542.080078,712.2081909,1350.284058,629.9035034,1401.240723,692.0900269,1901.819458,642.432251,1479.049561,665.2728271,1463.115967,634.9933472,1341.806274,491.5467224,1416.939697,439.5917053,1493.114746,417.7150574,1916.286987,504.2428589,1904.192139,520.6188965
121,1053.086548,569.0076904,1272.737549,558.347168,1916.200562,565.9743042,1818.929077,553.2156982,2189.908203,622.8822021,2373.666016,698.333374,2543.122559,709.3323364,1350.776245,629.744751,1399.274658,692.6270142,1905.147705,637.6277466,1477.606812,665.649292,1462.349487,636.3775024,1343.779419,491.6434021,1411.634766,444.8830261,1498.342651,416.9390564,1916.31189,500.0692749,1907.280518,516.8334961
122,1054.619141,568.4868774,1276.824341,558.5810547,1918.716187,562.1971436,1818.700195,551.3325806,2189.455566,613.0367432,2367.909424,687.3737183,2544.932861,711.8765259,1351.691162,630.1884155,1400.528564,697.5871582,1908.05127,634.3860474,1477.36084,667.6799316,1461.920044,635.7971191,1346.178589,491.8355103,1418.742676,442.3292236,1500.354492,417.2124939,1916.312866,496.1000977,1907.955322,512.7763062
123,1057.620239,565.6636963,1283.158691,560.1658325,1921.334106,560.0220337,1818.873413,549.7145996,2251.603271,616.2556152,2371.26123,674.1752319,2520.430664,723.1247559,1352.17749,630.8141479,1400.732422,699.9414063,1910.29541,632.4298096,1477.855469,667.9273682,1463.890747,636.788147,1349.029419,491.9535828,1419.577271,444.294342,1501.63855,417.832489,1917.846436,491.8309326,1910.760864,508.8939514
124,1059.167236,564.3944092,1283.426758,560.6019897,1921.05957,555.9158325,1819.349976,548.0241089,2209.169922,589.6723022,2367.045166,657.9334717,2516.963379,723.7189941,1353.792358,632.4933472,1398.594116,699.1060181,1912.445068,631.9820557,1477.411865,669.5026855,1465.185913,638.4108276,1353.059082,492.3012695,1419.560669,445.8348389,1507.179077,421.4979858,1918.388916,489.9789429,1911.472534,506.4237061
125,1059.838745,562.1976929,1282.085938,560.274231,1921.904175,554.3048096,1819.09436,548.0396729,2340.868896,624.7594604,2387.293457,648.6034546,2535.837891,711.6652222,1354.827393,634.1777344,1397.151245,702.80896,1913.80249,633.0975952,1477.003052,671.0665283,1464.330933,637.3641968,1355.209717,493.1963196,1423.623413,445.960144,1514.092163,428.2324219,1919.830811,489.1859131,1912.538574,504.526001
126,1060.730591,561.0204468,1279.6427,561.072876,1924.173462,553.1691895,1819.285767,548.4815063,2467.704346,675.4066162,2361.283936,613.1677856,2533.960205,708.3082886,1356.831421,635.6141968,1404.508667,714.7665405,1914.74939,634.8157959,1914.942261,615.9800415,1465.359009,638.9935913,1357.092773,493.8251648,1421.042236,449.1601563,1515.518921,428.9467163,1522.471069,464.3914185,1913.511475,503.598877
127,1062.883911,558.9699707,1278.83728,561.0690308,1925.031372,551.3500977,1819.830811,550.0141602,2371.720947,599.6849976,2372.071289,599.0507202,2534.182861,699.1330566,1357.504028,636.6169434,1396.946899,702.9855957,1914.270752,636.2988281,1914.600464,617.6369019,1465.990479,640.5245361,1358.087158,494.6456604,1419.470703,453.3041382,1519.022217,431.1913147,1523.786987,464.6201477,1914.940674,502.9848633
128,1063.281128,558.2005615,1275.706909,562.6689453,1927.465088,552.5477905,1823.915894,553.9465332,2140.202881,536.597168,2366.881836,581.1538696,2511.973877,675.4560547,1358.505249,638.7124023,1406.127563,716.4016113,1470.917725,756.0362549,1914.728271,617.8010254,1467.356689,642.7759399,1360.957031,495.273468,1419.595825,459.0019836,1521.286011,433.2996521,1529.053589,467.9031677,1916.109131,503.6523743
129,1064.485107,558.3648682,1274.635498,564.8875122,1926.361694,554.5025024,1822.415527,557.5327148,2223.89209,548.8079834,2356.021484,562.8289795,2514.72998,652.914856,1359.509521,640.9192505,1407.067017,716.97052,1472.592896,757.642395,1914.003296,619.2420654,1468.54187,645.284729,1365.408203,495.5049133,1423.440796,461.1012878,1521.536499,437.1162109,1532.983154,470.5767822,1522.127441,498.8113708
130,1065.064453,555.9584961,1271.654175,564.4441528,1925.497681,556.7388916,1825.100464,558.4865723,2356.721436,551.3129883,2351.876221,548.734314,2516.631836,627.6295166,1360.002686,642.2836304,1412.699707,723.0089111,1471.919678,758.482605,1915.135376,622.5385132,1467.536865,647.9098511,1368.786255,495.9260864,1434.537964,460.2582092,1521.602051,439.7707825,1536.793213,475.0673828,1528.872437,501.0446167
131,1066.907837,553.6535034,1269.933716,565.3672485,1927.816772,560.9099121,1825.970947,561.5336304,2443.686035,563.3237305,2348.791016,537.6748047,2524.372803,610.4330444,1359.937988,643.6533203,1406.713745,719.4569702,1471.863525,763.2611694,1915.095093,626.9866943,1466.260376,651.1265869,1370.770264,497.6999817,1424.619141,468.0561523,1520.458252,443.2085876,1537.94458,478.0925598,1920.329956,510.6918335
132,1068.21167,553.21521,1264.335205,565.7321777,1926.157837,564.5531616,1823.575562,565.5222168,2379.624756,531.5556641,2379.768066,531.2988281,2529.44458,593.673584,1360.439697,645.3607178,1405.395386,721.3079834,1468.630737,765.6697388,1913.061157,631.0857544,1463.167236,655.078125,1373.175049,498.6112061,1444.195435,462.1121216,1523.440186,445.7702637,1540.530029,480.288147,1532.156372,505.3295593
133,1069.230347,552.1072388,1264.108643,566.4654541,1925.790161,566.5882568,1824.297852,570.973877,2480.039795,536.864624,2410.5,525.7166138,2528.549072,574.866394,1360.738159,646.5678711,1403.651978,721.3266602,1462.01355,770.2416382,1912.65918,636.6593018,1457.82605,657.2661743,1374.607422,499.399231,1447.108276,462.6753235,1525.359253,446.3013,1928.109253,503.375061,1531.810913,508.1928101
134,1069.938721,552.0835571,1268.797241,567.0020142,1924.074951,571.6690674,1824.675293,575.3850708,2415.054688,512.4562378,2402.492188,513.7336426,2554.684326,552.0266113,1360.346313,647.3010864,1410.733521,736.144104,1459.52417,773.5269775,1461.986938,695.3151245,1454.962646,660.0204468,1375.611084,500.3390198,1450.099976,461.1646118,1525.994995,445.9247131,1542.370483,484.0846252,1530.655029,510.4812012
135,1071.03186,549.2235718,1270.32312,565.9855347,1924.332886,579.503418,1829.755981,581.5325317,2199.493164,535.5987549,2372.661377,503.5636902,2512.012207,537.5578613,1360.369507,647.3140869,1403.5177,732.3395386,1456.868774,776.4214478,1907.971313,648.1883545,1453.954224,661.7733765,1376.998169,500.5808105,1450.699219,461.1716919,1526.797485,445.9775391,1540.762573,483.3084412,1529.338501,513.0159912
136,1071.884888,547.2149048,1271.393433,565.3566284,1923.777466,584.0775146,1826.530396,589.4092407,2185.959717,541.0643311,2380.489502,492.828064,2511.258789,524.0578003,1361.37085,648.4234619,1403.268921,732.7601318,1456.299561,777.6506348,1461.172852,699.0787964,1453.588623,662.1870117,1378.043091,500.7351685,1861.042969,510.3026428,1528.206299,445.7225037,1930.483032,517.4747314,1528.781982,514.8349609
137,1073.58667,545.6477661,1274.595093,565.133728,1923.230957,588.147644,1827.150146,595.574585,2200.907227,543.458252,2389.120117,489.2913208,2513.035156,509.7803345,1361.458496,647.0153198,1404.178467,732.5605469,1456.896973,776.7980347,1463.346069,700.0601196,1456.432007,662.9569702,1379.436279,500.6287842,1451.532959,461.1465149,1528.463867,446.5088806,1930.510986,523.6898193,1529.710571,516.3545532
138,1075.211182,545.1318359,1274.413208,563.4627686,1924.1698,594.2797852,1825.054932,599.1851196,2203.869873,545.4363403,2339.154053,497.6658936,2522.342285,499.8818665,1363.72998,646.1011963,1404.879517,727.071106,1459.546509,774.7068481,1910.7052,662.211792,1459.626221,662.595459,1380.30896,500.4625244,1451.180908,461.2006226,1530.221313,445.9155579,1932.069702,530.2114868,1530.819946,517.0453491
139,1076.842041,544.8518677,1277.804565,562.7856445,1488.295166,584.7365112,1826.032593,606.0544434,2203.977539,550.3929443,2337.191406,498.622467,2531.838623,485.7993164,1365.389893,643.8494873,1406.134766,727.0977783,1464.415039,773.104248,1468.909668,696.6228638,1463.143677,660.9239502,1381.033813,499.2400208,1452.535034,460.8555298,1530.591064,444.5831909,1543.231201,482.067749,1531.845703,517.4845581
140,1078.273315,545.7119751,1279.218262,561.7803955,1485.69812,583.1814575,1826.664795,609.0744629,2096.64209,592.7851563,2338.404297,498.5393982,2534.301758,475.3697815,1366.141968,641.5615845,1407.876953,721.4542847,1471.061157,768.8869019,1474.903809,696.5075073,1467.50293,658.9882202,1381.606812,498.2820129,1451.589478,460.2836304,1531.792969,441.165863,1543.7146,480.3675537,1532.076538,516.7512817
141,1078.565674,548.3879395,1279.966553,560.6967773,1479.719116,579.491394,1827.776245,613.3689575,2175.123291,575.9661865,2341.72998,500.6156921,2531.677002,467.37323,1368.715698,641.6199951,1415.052246,717.0880127,1477.486206,763.6744995,1914.297852,676.7036133,1472.185059,655.2611694,1381.306763,496.7290039,1446.532227,460.446991,1534.267456,438.8149414,1941.255371,549.8403931,1532.138428,514.0914917
142,1079.643311,550.4891357,1280.623413,560.4173584,1936.438477,619.4800415,1836.611084,615.3510132,2158.177734,594.3831787,2341.718262,505.2062683,2528.34375,455.8243408,1373.303711,641.4412842,1429.463867,722.8589478,1482.23877,753.7798462,1491.075806,690.6069336,1481.207031,655.8629761,1379.840698,496.1084595,1446.922119,458.7678223,1533.942749,436.3085022,1942.107788,555.0970459,1530.686157,512.2646484
143,1081.323608,554.3009644,1286.956299,560.0291748,1935.481812,623.0180664,1839.267578,616.1796875,2098.087402,617.2452393,2342.847168,511.3997803,2526.761963,449.1043701,1376.125,640.5533447,1425.592773,708.1690063,1491.171387,749.526123,1499.144531,685.1763306,1487.774536,653.7484131,1378.943359,495.2453308,1444.620972,457.8831177,1533.579346,434.1080017,1546.294312,475.3670959,1532.50293,509.086731
144,1082.171021,555.9105835,1288.850586,560.0101318,1935.822144,628.0709229,1839.886963,616.2145386,2124.213379,622.8120728,2343.270752,519.5713501,2516.070801,446.9029541,1378.506226,639.3918457,1431.671387,699.6774902,1495.737061,741.8342285,1508.206055,682.9696655,1497.939575,653.8726196,1378.437012,494.0154724,1449.864258,453.2146606,1535.19812,431.5119324,1950.304321,563.8929443,1533.565552,506.7921448
145,1082.751709,559.4663696,1290.825317,559.4373169,1940.268066,631.3634033,1839.739014,615.2091675,2157.530273,630.2166748,2343.48877,538.0736694,2531.389893,441.9379883,1383.443359,640.7509766,1439.399658,699.9806519,1505.103638,734.684021,1518.609253,681.9216309,1508.145752,652.6685181,1378.464722,493.3933105,1439.921265,458.6206665,1535.684814,429.3155212,1954.342285,565.5324097,1533.916992,504.2218628
146,1084.897217,561.0490112,1290.586548,559.2485352,1939.622437,629.4697266,1840.518555,614.326416,2163.437012,640.7503662,2347.974854,556.0200195,2482.822021,455.4090271,1385.019287,638.6307983,1445.637329,697.2453613,1514.574829,721.4812622,1526.317139,679.0142822,1514.200806,649.3737793,1378.169556,492.6773987,1440.055298,458.0049744,1535.255615,428.8134155,1955.929077,566.9844971,1531.685547,502.7312012
147,1086.239624,562.8692627,1292.935425,559.5766602,1939.602539,628.7086182,1839.394775,613.2759399,2202.927979,642.4976196,2350.69751,579.7791138,2478.261963,468.276062,1388.083618,637.8317261,1450.58374,692.3668213,1518.475098,712.0799561,1530.595703,678.4188843,1516.686646,646.6635132,1377.659546,492.3573914,1439.215332,458.1678162,1534.742432,428.0985413,1957.24939,566.2790527,1531.917114,500.7938538
148,1087.685181,564.5031128,1296.34314,558.8818359,1940.403076,626.5511475,1826.480103,610.3361206,2188.455078,652.7353516,2356.922607,597.9667969,2479.353271,490.3026428,1389.803467,635.871582,1451.062378,690.4533691,1510.345093,712.7972412,1529.940063,675.0057983,1519.524658,645.1968384,1378.816895,492.1754761,1439.91687,455.6860046,1954.832031,541.9371948,1957.949951,564.0913696,1534.358887,498.0752563
149,1089.413574,564.0270386,1297.744507,558.9514771,1941.034058,625.8258057,1827.424194,609.9772339,2186.839844,658.9857788,2362.726807,616.4207764,2485.357666,513.638916,1390.878418,634.8275757,1452.783325,690.0489502,1523.67041,716.9059448,1536.760254,672.1661377,1523.487061,643.4190674,1378.973511,492.0916138,1440.272217,454.0023804,1532.422363,425.2215576,1957.666504,560.5366211,1535.964844,496.4135437
150,1090.200562,566.2352295,1298.670288,557.9545898,1938.535767,624.3644409,1832.591064,606.866394,2152.873047,656.0651245,2369.226563,632.43927,2545.068848,520.7162476,1393.518921,633.4221802,1452.573975,687.5662231,1520.365479,714.112915,1536.349609,670.0304565,1522.825684,640.1016235,1378.263062,491.6642456,1440.275513,451.788208,1531.844971,423.407074,1957.354004,556.4937744,1535.532104,494.5947571
151,1090.70752,566.473999,1299.744385,556.8483276,1473.396362,554.5427856,1838.274536,604.1064453,2152.266357,658.3930054,2370.854004,647.0719604,2549.582275,547.3833618,1394.392456,632.0379028,1458.283325,686.9614258,1521.964844,710.394043,1539.1604,666.3704834,1523.491455,636.8330688,1377.394043,490.7349548,1452.068115,444.4357605,1532.521973,421.2877808,1544.378052,457.7142334,1535.405762,491.8326111
152,1091.054321,565.9506836,1301.177856,555.7794189,1930.025024,615.1021118,1829.333008,599.3052979,2200.473877,667.2417603,2373.25,659.6522827,2554.067871,570.2572632,1397.633301,631.4735718,1460.339722,683.8919678,1527.045288,705.7576904,1542.766479,663.1085205,1533.278076,638.1375732,1376.36499,489.4029541,1441.004883,445.3306885,1529.782227,416.6217651,1542.206787,456.4619751,1532.653198,489.2250366
153,1091.228027,565.5085449,1304.718018,553.6586914,1525.494141,579.1350098,2237.901611,677.4041138,2194.400146,667.2965088,2402.248047,663.0565186,2556.737549,593.9006348,1398.977173,628.2703247,1462.373535,680.2240601,1529.94519,699.039917,1543.154663,659.3937988,1536.691162,635.5737915,1376.123413,487.861145,1439.316406,443.566864,1528.379517,413.3713989,1542.936279,453.7204895,1533.104126,486.8851624
154,1091.286255,564.9303589,1311.904541,551.9365845,1530.119629,575.913147,2197.242432,666.7297974,2194.00293,665.6323853,2408.093262,672.0385132,2557.588623,613.5780029,1400.638062,625.9191284,1466.845093,677.1546631,1535.844971,693.701355,1549.252563,656.1928101,1537.693237,630.4683228,1376.755371,487.0495911,1437.025269,442.944458,1958.063232,511.5007324,1542.848877,451.8313293,1530.504883,483.7084351
155,1091.044434,564.6304932,1309.916016,551.0087891,1532.838135,574.468689,2239.326904,674.6172485,2298.465576,677.1262817,2423.175049,676.2688599,2537.950195,643.2058105,1400.544312,624.607605,1472.959106,673.8596191,1538.122681,688.7478638,1549.799438,652.1307983,1541.432617,627.9946289,1376.389893,485.9121704,1431.759277,443.2451477,1525.994263,406.0475769,1540.438232,447.8295288,1530.369263,482.2993774
156,1091.123413,564.0857544,1309.550293,550.0278931,1538.052246,567.5296631,1903.685303,578.4271851,2298.30957,678.6151733,2407.350342,683.9860229,2535.195557,658.1347046,1402.713989,622.5305176,1477.074219,669.8622437,1541.491577,683.4036865,1550.9198,648.8870239,1542.350342,626.8730469,1376.194092,483.989563,1436.790771,434.3094177,1524.127808,400.1222839,1539.009399,444.3768005,1529.490845,478.0987854
157,1091.203003,563.8200073,1309.865967,548.8294067,1531.68335,565.96521,1847.950806,557.3469238,2087.868164,616.2762451,2400.539063,686.0860596,2536.144287,671.3197021,1405.967407,621.6531372,1477.517822,666.0822754,1541.192749,678.8596802,1551.945923,647.8174438,1544.349731,625.4244995,1375.611816,481.438385,1435.478394,429.6530151,1953.476196,491.2059631,1954.256592,515.3192139,1526.302368,475.0453491
158,1091.02771,563.1469116,1310.618896,547.1855469,1516.823975,543.2062988,1855.11499,555.7011719,2427.100098,688.5667725,2400.034424,686.2438965,2542.906006,681.039856,1406.432617,620.0507202,1477.588257,663.809021,1541.291504,676.1174316,1550.758545,643.7661133,1544.162476,622.2474976,1375.869873,479.9207153,1433.174805,425.040802,1951.651245,484.7572021,1954.267456,508.9610596,1522.178711,471.1820984
159,1090.881104,562.9598389,1315.973755,544.7539673,1518.376343,540.7163696,1858.262329,552.1073608,2440.177734,687.1047974,2393.909912,683.3485107,2558.59082,682.8110352,1406.826782,619.2271118,1475.477661,663.4637451,1540.902344,675.5886841,1551.081421,642.7885132,1543.272705,619.5667725,1375.091797,477.5525208,1419.217896,429.8540344,1953.751221,479.2213745,1953.773315,503.5639954,1520.479248,469.7438354
160,1090.770508,563.1157837,1320.257446,544.267395,1938.740723,562.6817627,1859.682983,546.9138794,2436.072021,683.8413086,2395.655762,679.0795898,2560.450928,690.3470459,1403.520874,617.0170288,1473.858765,664.2207642,1538.227539,679.8268433,1550.187866,643.4420776,1541.635254,617.2352295,1373.193115,475.125824,1419.025024,425.0717773,1951.082153,472.4317017,1953.008667,496.960144,1518.439453,467.1828613
161,1091.07666,562.6133423,1323.067871,542.5650024,1939.790161,557.8015137,1857.25,539.6587524,2452.269531,684.3733521,2412.814941,677.5866699,2559.644043,693.5109863,1400.039185,612.3592529,1471.391846,665.618103,1538.317749,684.6222534,1546.020752,641.9241943,1532.954468,614.3770142,1371.919434,473.2638855,1418.485352,421.0509033,1951.274292,465.6562805,1952.802612,490.132019,1516.089844,464.7434998
162,1091.390259,562.0625,1322.285522,540.7119751,1510.118164,532.9747314,1855.747192,536.9946289,2429.124512,675.1154175,2426.932129,673.6466064,2559.807373,692.6477661,1398.425049,609.581604,1467.072388,666.2593994,1534.525024,688.3580933,1542.888062,640.3629761,1523.429199,607.9237061,1370.234375,472.6602478,1417.786987,417.6731567,1952.533325,460.0526428,1951.926636,485.8587646,1514.316284,462.6763306
163,1091.521729,561.4138794,1321.728516,539.8223877,1941.209229,548.3717041,1855.862305,532.3810425,2177.032715,595.3687134,2431.453857,666.3343506,2559.604492,694.8499756,1397.969116,607.9274292,1463.611328,667.7565308,1531.265991,690.9800415,1540.626709,640.6624146,1522.451416,607.1194458,1372.428223,471.8144226,1418.549438,414.3885498,1949.526367,452.6578369,1951.403442,479.9297485,1512.817505,460.0202942
164,1091.695068,558.5375366,1319.293335,538.5237427,1943.886719,539.3289185,1852.091553,521.0740356,2234.54248,601.2133789,2408.726807,653.6107788,2556.925781,692.7004395,1396.843384,606.6166382,1461.882568,668.3436279,1528.582275,693.1793213,1538.288208,638.9099731,1520.654175,604.3839111,1373.032471,470.5620422,1419.105591,413.9662476,1950.697266,446.8920288,1951.031006,471.9569397,1939.300903,490.2750854
165,1092.624023,555.7982788,1320.500244,537.8361816,1509.572632,529.081543,1852.195923,517.5030518,2432.629883,654.0824585,2412.578369,647.8168335,2541.496094,691.4695435,1396.537231,605.857605,1456.770142,666.0446167,1527.204834,695.9769897,1537.086304,637.9031372,1519.394165,603.8374634,1374.336548,469.5906677,1420.568115,413.4859009,1950.146484,440.8420105,1950.080688,465.5702209,1514.910767,459.5799561
166,1093.123779,551.9963379,1318.378662,536.480896,1507.538086,526.6691895,1853.206055,515.5796509,2435.929443,648.8339233,2428.347412,646.5514526,2538.755859,681.7632446,1396.33374,605.998291,1453.831665,664.7659302,1525.473633,697.1787109,1536.030518,637.2242432,1518.893188,604.4789429,1376.768555,467.8906555,1423.277344,413.0561523,1947.380005,434.4060669,1948.964111,460.063324,1515.733032,459.0654297
167,1093.614502,547.4296265,1316.96167,536.0620117,1507.261108,525.5162964,1853.061768,514.0159912,2436.847412,645.0390625,2396.701416,628.9118042,2534.718506,672.1008301,1395.904663,605.6135254,1455.462402,666.0805054,1524.204834,697.1381226,1535.467041,636.8081055,1519.029541,604.2659302,1378.195801,466.9336853,1423.990479,413.7583008,1517.088623,362.757782,1948.286987,455.8080444,1516.931396,458.8946838
168,1094.025024,542.0927734,1316.158325,535.0099487,1509.494995,524.6310425,1850.973999,512.5240479,2457.188965,642.7401733,2387.257324,615.4054565,2533.59375,667.3527832,1396.046631,605.6101685,1453.475708,664.3204346,1525.908813,696.5610962,1535.928467,637.5333252,1519.300293,604.3521118,1380.210083,464.8560791,1424.225464,416.6087646,1523.323364,365.4619446,1948.028809,452.292572,1519.311401,458.7530823
169,1094.733521,536.8676758,1316.404175,534.3408813,1512.346436,524.5927734,1851.526855,511.8520508,2394.898438,603.7454224,2386.445313,598.637085,2534.032715,658.6448975,1396.613403,605.3769531,1456.654297,665.1392212,1523.860962,694.5377197,1537.387207,638.5445557,1521.293579,604.8945923,1384.268921,463.3947754,1430.314453,416.1448975,1530.600586,372.2146606,1947.16394,449.7834473,1524.337891,459.5187073
170,1095.238525,533.7377319,1314.787842,533.6137085,1513.026367,527.7012939,1850.724609,512.1659546,2227.036865,528.1524048,2418.654297,597.9768066,2527.791748,655.5342407,1396.470947,605.3101196,1459.973999,666.7863159,1522.619019,692.2269287,1537.311768,638.0819702,1523.06665,607.2722168,1387.47522,461.3636475,1439.956543,413.896698,1531.90271,375.8481445,1538.274902,418.5569153,1531.084473,458.9510193
171,1096.240601,527.7531128,1309.723022,532.2974243,1514.28125,528.9817505,1850.099976,511.9297485,2413.265869,570.5911255,2415.727783,573.3853149,2537.09668,651.2536621,1396.956055,605.5877075,1460.0802,666.4874268,1524.536377,694.6386108,1538.332153,638.8692627,1524.989136,609.0409546,1390.343018,459.8228149,1440.832886,416.8368225,1536.444214,380.0189209,1944.701904,445.3938904,1534.459106,459.165741
172,1096.44043,526.1531982,1309.463257,529.7339478,1515.603394,528.4189453,1849.897583,513.2828369,2178.41333,503.011261,2441.074707,567.6079102,2548.610352,645.8820801,1396.852783,605.4787598,1458.433228,664.300415,1517.444824,690.6748047,1539.057373,639.0841675,1525.087036,609.2852783,1392.637329,457.8275452,1442.49646,418.815033,1538.902954,384.115509,1943.409424,444.0772705,1535.039673,459.0615845
173,1096.797119,521.7025757,1307.827759,528.5654297,1516.054932,529.0405273,1849.602783,514.5714722,2177.846436,498.5323792,2427.717285,536.3325195,2549.542725,622.7442017,1396.515137,605.7268677,1458.429199,666.1358032,1517.374268,689.1375122,1536.212524,638.6414185,1521.677246,606.9365845,1395.890259,456.2041321,1453.763184,415.7599487,1540.985596,386.0593567,1943.155151,443.2488403,1538.365234,460.2619629
174,1098.164185,517.614563,1305.506836,529.4292603,1541.229004,514.1572266,1851.346558,517.7756958,2333.537354,494.3847656,2464.894775,541.4591064,2547.285156,601.173584,1395.145508,605.6999512,1453.436646,667.1939087,1517.439209,691.402832,1534.981812,638.8409424,1519.710693,607.2250366,1398.438477,455.4191284,1466.9021,411.1984253,1939.461182,416.6669617,1942.171875,444.1858826,1540.272949,460.7614441
175,1098.543701,516.0088501,1294.017334,528.7414551,1541.088257,515.2114868,1851.339111,519.3122559,2403.314697,496.8581848,2479.127686,530.0333862,2551.38501,578.777832,1392.680298,604.6549683,1447.707886,667.6707764,1513.780151,700.9525146,1531.62561,640.1295776,1518.262817,609.3026733,1399.296021,455.5065918,1456.169312,416.5346069,1938.078857,416.6956177,1939.963257,445.0388489,1542.27417,461.4783936
176,1098.759155,514.65802,1292.09314,529.0700073,1547.119019,513.3728638,1850.684937,521.7075806,2361.225342,476.9945679,2480.728271,515.286377,2555.158691,561.244873,1390.792847,604.7454834,1441.1521,669.0964355,1505.778809,702.2259521,1525.209473,640.848999,1511.192139,609.793396,1401.041504,455.244812,1466.546021,413.4017334,1936.555176,417.2257385,1938.869019,446.6065674,1546.312256,461.2689209
177,1099.603149,512.0668945,1290.379761,529.1141968,1546.360962,513.9508667,1849.158447,525.8716431,2365.445313,469.0567627,2450.851074,489.2182312,2558.531738,544.5800171,1390.504028,604.1906128,1435.245239,671.8617554,1943.124512,606.7966309,1945.464844,587.6898804,1504.745728,609.3397217,1403.306396,455.1955566,1471.932983,413.5324097,1934.820923,418.1420898,1936.418823,446.8820801,1549.276855,462.4591064
178,1099.832275,510.5039063,1289.88623,529.6604614,1546.492676,519.8925171,1847.365601,528.5698853,2103.396973,498.1404724,2400.883301,464.6614075,2556.630615,525.4370117,1388.460449,604.487854,1441.898315,685.1636963,1500.904419,721.6430054,1945.457397,590.0088501,1500.257324,611.8721313,1404.991211,455.7947083,1469.560181,418.2927246,1931.5354,418.9022217,1564.723267,436.8001709,1551.089233,464.1815796
179,1099.808105,509.5424194,1285.193848,530.1704102,1547.385742,522.0810547,1844.704468,530.1531982,2123.968262,500.4006042,2396.421387,455.5628662,2557.981201,511.0985107,1387.835815,605.8417969,1435.011353,686.4876099,1492.505859,728.0241089,1946.207764,591.9262695,1941.005371,573.885437,1406.486816,456.7388306,1475.71521,421.2307739,1554.136963,405.6212769,1569.506226,440.0313416,1553.012207,467.3661499
180,1100.091675,507.8417969,1289.647095,531.1451416,1550.556396,527.0455933,1844.856689,531.8032837,2124.05542,501.7999878,2387.658447,450.5430908,2556.571777,493.7250671,1385.153198,607.3029175,1431.853149,687.7158813,1488.17041,732.5002441,1946.728271,594.9740601,1490.977173,615.206604,1408.918701,457.3441467,1475.771851,425.3283081,1557.946533,410.1218872,1570.734863,442.306366,1558.09436,470.7727356
181,1099.891968,507.5754395,1289.824707,531.6206665,1931.383301,532.5598755,1846.279541,532.9716187,2302.4646,464.411377,2386.712402,446.5397644,2557.343994,478.8053894,1383.200073,608.9125977,1436.31311,701.1627197,1488.183228,735.0992432,1946.913208,598.1694946,1940.959351,578.7351685,1411.113647,459.0281067,1479.319702,428.6372986,1925.559814,421.9768982,1572.775757,447.6026306,1560.432617,473.5013733
182,1100.354004,505.7257385,1291.86792,531.5883789,1930.113159,535.4113159,1847.212158,536.9790649,2179.650391,493.2043762,2388.007568,440.7351685,2559.24292,464.959259,1383.486084,610.7682495,1435.695923,702.8623047,1487.569214,739.2390137,1946.213501,600.6199951,1942.040894,581.3504028,1414.066895,462.9675293,1483.266479,431.0746155,1561.442749,418.5869751,1574.210693,452.5926514,1566.110229,477.9951172
183,1100.622681,504.6924133,1291.87561,532.4315186,1943.512329,537.9961548,1846.860962,541.8215332,2127.04541,512.3406372,2386.506348,438.567627,2557.161865,454.1221619,1383.364014,614.3348999,1436.842773,706.4471436,1487.251587,740.2510376,1946.231934,602.8903198,1486.469116,625.62854,1415.860229,465.4190979,1484.116943,436.1921387,1563.43103,423.5439453,1574.771851,456.8683167,1565.909058,481.7952271
184,1101.082642,503.3188171,1291.326782,533.020813,1939.960327,539.1834106,1850.738281,543.8215942,2126.560547,516.3410645,2385.481445,435.6117859,2557.581543,443.076355,1383.27002,616.671814,1435.917236,703.8604736,1487.846436,740.5515747,1945.572144,606.1210327,1940.924927,587.6011963,1414.806641,467.5124817,1480.218384,441.2545166,1563.456421,427.6231384,1574.993042,461.2706909,1566.265015,486.4787903
185,1101.429932,502.8955383,1292.645996,533.3707275,1941.743774,543.388855,1854.681519,547.3901978,2133.226807,516.4263916,2381.826172,433.7816162,2550.331055,431.2758179,1385.080322,618.5961304,1436.980835,703.5068359,1490.25708,739.4899292,1944.973267,611.4474487,1941.36499,591.6421509,1414.681519,470.2451782,1484.555664,444.984375,1562.617554,432.0043335,1575.706421,464.1062927,1567.174561,489.0438232
186,1101.671753,502.7637939,1294.80957,534.3977051,1944.094727,550.2963257,1852.28125,552.9502563,2129.907959,519.8079224,2383.460205,432.1325073,2548.343994,421.5371399,1385.507568,620.3742676,1437.171021,701.8269653,1493.281616,737.9490356,1945.202271,617.1420898,1488.963867,633.8843384,1415.765015,472.9308167,1486.908691,445.5705261,1566.549805,437.7831726,1578.008179,468.5342102,1568.434204,493.1007996
187,1102.273315,501.6296692,1298.217651,534.7320557,1941.807129,556.0984497,1856.383423,558.9105835,2125.73584,524.9083862,2379.545898,432.5666199,2544.310791,413.9017639,1385.440063,622.0072021,1437.69519,700.9801025,1494.940674,736.6802979,1508.612671,669.0320435,1493.580811,636.7550659,1418.073975,473.3187256,1488.281616,448.541626,1567.360229,443.1566772,1579.830688,472.905365,1570.830811,497.4497375
188,1103.101685,500.6014709,1302.796143,535.7640991,1939.729248,562.3462524,1850.39209,567.53302,2124.075684,528.9297485,2380.921387,432.3269653,2541.004883,409.4406433,1383.42688,622.414856,1437.540649,700.9222412,1496.242554,736.7999268,1511.293701,671.6743164,1498.53894,640.3235474,1419.933716,475.9607849,1483.301392,451.0892639,1939.430176,470.8823242,1941.145874,491.9130859,1570.421997,502.949707
189,1103.26062,500.6163025,1304.604004,536.3873901,1929.330322,570.1828613,1846.712524,574.7531738,2121.894043,532.97229,2383.946045,432.7531128,2538.213135,405.8977966,1384.186401,624.7360229,1437.967163,699.7456055,1498.115112,737.1935425,1511.829224,675.0020752,1500.789673,643.4901123,1420.561279,478.3189087,1472.885132,456.7688904,1938.225952,476.2920532,1578.179932,479.6193848,1570.887451,505.5065918
190,1103.988403,500.2286682,1308.658325,537.1316528,1925.123901,576.1235352,1847.033936,582.1636963,2256.470703,493.5381775,2376.82373,435.2387695,2534.514648,403.1769409,1383.960571,626.3049316,1437.878784,699.5671997,1498.068848,737.4777832,1512.916992,676.5951538,1502.713623,646.4639282,1420.245117,480.2261963,1484.36377,453.8766479,1566.727905,449.6186523,1578.517456,480.9628601,1571.496948,508.2030334