t,midx1,midx2,midx3,midx4,midx5,midx6,midx7,midx8,midx9,midx10,midx11,midx12,midx13,midx14,midx15,midx16,midx17,midx18,midx19,midx20,midx21,midx22,midx23,midx24,midx25,midx26,midx27,midx28,midx29,midx30,midy1,midy2,midy3,midy4,midy5,midy6,midy7,midy8,midy9,midy10,midy11,midy12,midy13,midy14,midy15,midy16,midy17,midy18,midy19,midy20,midy21,midy22,midy23,midy24,midy25,midy26,midy27,midy28,midy29,midy30
0.008,1.0095,1.0444,1.0794,1.1143,1.1493,1.1842,1.2191,1.254,1.289,1.3239,1.3587,1.3934,1.4282,1.4629,1.4973,1.5316,1.5659,1.6005,1.6352,1.6698,1.7045,1.7395,1.7744,1.8091,1.8437,1.8781,1.9099,1.9364,1.9602,1.9831,1.4431,1.4424,1.4424,1.4417,1.4403,1.4384,1.437,1.4362,1.4364,1.4382,1.4415,1.4452,1.449,1.4534,1.4595,1.4663,1.4729,1.4779,1.4823,1.487,1.4909,1.4925,1.491,1.4874,1.4822,1.4761,1.4615,1.4387,1.4132,1.3867
0.012,1.0095,1.0444,1.0794,1.1143,1.1493,1.1842,1.2191,1.2541,1.2891,1.3241,1.359,1.394,1.4289,1.4636,1.4978,1.5318,1.5659,1.6002,1.6346,1.6688,1.7032,1.738,1.773,1.8076,1.842,1.876,1.9082,1.9375,1.9628,1.9878,1.4431,1.4419,1.4414,1.4423,1.44,1.4382,1.4368,1.4361,1.4363,1.4369,1.4378,1.4391,1.4411,1.4456,1.4527,1.4609,1.4689,1.4755,1.4819,1.489,1.4955,1.4988,1.4972,1.4923,1.4856,1.4773,1.4638,1.4448,1.4205,1.3961
0.016,1.0095,1.0447,1.0798,1.1149,1.15,1.1851,1.2202,1.2554,1.2905,1.3257,1.3608,1.396,1.4311,1.4661,1.5007,1.535,1.5693,1.6036,1.6379,1.6722,1.7068,1.7418,1.7769,1.8121,1.8471,1.8819,1.9144,1.9416,1.965,1.9878,1.4431,1.4434,1.4428,1.4411,1.4379,1.4357,1.4342,1.4337,1.4339,1.4344,1.4354,1.4366,1.4381,1.4415,1.4479,1.4557,1.4635,1.4711,1.4789,1.4866,1.4928,1.4966,1.4983,1.4981,1.4948,1.4896,1.4762,1.4539,1.4276,1.4008
0.02,1.0189,1.0535,1.0881,1.1228,1.1574,1.192,1.2266,1.2613,1.296,1.3306,1.3653,1.3999,1.4345,1.469,1.5032,1.5371,1.5709,1.6048,1.6389,1.6728,1.7068,1.7411,1.7756,1.8103,1.8447,1.8788,1.912,1.9425,1.9677,1.9925,1.4431,1.4413,1.4408,1.4418,1.4399,1.4383,1.4371,1.4363,1.4361,1.4367,1.4378,1.4395,1.4413,1.4443,1.4498,1.457,1.4647,1.4718,1.4784,1.4855,1.4922,1.4975,1.5003,1.4997,1.4955,1.4891,1.4793,1.4631,1.439,1.4149
0.024,1.0142,1.0489,1.0836,1.1183,1.1529,1.1874,1.222,1.2567,1.2915,1.3262,1.361,1.3957,1.4304,1.4651,1.4996,1.5339,1.568,1.602,1.6359,1.6694,1.703,1.7371,1.7717,1.8064,1.8412,1.8758,1.9099,1.9409,1.9672,1.9925,1.4525,1.4503,1.4487,1.4478,1.4437,1.4401,1.437,1.4348,1.4338,1.4341,1.4352,1.4368,1.4388,1.4414,1.4455,1.4513,1.458,1.4651,1.4728,1.482,1.4911,1.4979,1.5013,1.5022,1.5012,1.4983,1.4912,1.4757,1.4527,1.429
0.028,1.0189,1.0539,1.0888,1.1239,1.1588,1.1936,1.2284,1.2634,1.2984,1.3334,1.3684,1.4034,1.4384,1.4733,1.508,1.5424,1.5764,1.6104,1.6444,1.6784,1.7125,1.7468,1.7816,1.8165,1.8516,1.8864,1.9211,1.9512,1.9775,2.0019,1.4431,1.4451,1.4468,1.4464,1.4436,1.4392,1.4358,1.433,1.4316,1.4316,1.4328,1.4346,1.4371,1.4406,1.4452,1.4518,1.4601,1.4687,1.4772,1.4857,1.494,1.5008,1.5054,1.5082,1.5084,1.5056,1.4997,1.482,1.4589,1.4337
0.032,1.0236,1.0583,1.093,1.1277,1.1623,1.197,1.2316,1.2663,1.301,1.3358,1.3705,1.4052,1.4399,1.4746,1.5093,1.5437,1.5776,1.6111,1.6446,1.6781,1.7113,1.7445,1.7784,1.8129,1.8476,1.8822,1.9161,1.9485,1.9784,2.0066,1.4431,1.4424,1.4428,1.4442,1.4421,1.4399,1.438,1.4367,1.4361,1.4361,1.4365,1.4372,1.4382,1.4395,1.4411,1.4452,1.4528,1.4618,1.4709,1.4799,1.4904,1.5004,1.5079,1.5119,1.5131,1.5101,1.503,1.4904,1.4728,1.4525
0.036,1.0283,1.0632,1.098,1.1327,1.1675,1.2023,1.2371,1.2719,1.3068,1.3417,1.3766,1.4115,1.4463,1.4812,1.516,1.5506,1.585,1.6192,1.6532,1.6869,1.7198,1.7527,1.7864,1.821,1.8559,1.8907,1.9256,1.958,1.9855,2.0113,1.4384,1.4396,1.4419,1.4443,1.4409,1.4377,1.4347,1.4325,1.4315,1.4319,1.4327,1.4338,1.4352,1.4369,1.4396,1.444,1.4501,1.4572,1.4647,1.474,1.4857,1.4973,1.5062,1.5109,1.5129,1.5135,1.5102,1.4977,1.4759,1.4525
0.04,1.0236,1.0586,1.0936,1.1285,1.1635,1.1985,1.2334,1.2684,1.3034,1.3384,1.3734,1.4084,1.4434,1.4784,1.5132,1.5479,1.5824,1.6168,1.651,1.6847,1.7183,1.752,1.7859,1.8199,1.8542,1.8889,1.9238,1.9573,1.9876,2.016,1.4431,1.443,1.4434,1.4451,1.4429,1.4414,1.44,1.4389,1.438,1.4368,1.4355,1.4343,1.4337,1.4343,1.4375,1.4425,1.4485,1.4548,1.4621,1.4716,1.4816,1.4909,1.4997,1.5079,1.515,1.5199,1.5197,1.5095,1.4917,1.4714
0.044,1.0283,1.063,1.0977,1.1324,1.167,1.2015,1.2361,1.2707,1.3055,1.3402,1.3749,1.4096,1.4443,1.479,1.5137,1.5482,1.5826,1.6168,1.6509,1.6847,1.7175,1.7499,1.783,1.8171,1.8515,1.886,1.9207,1.9547,1.9862,2.016,1.4431,1.4426,1.4429,1.4439,1.4404,1.437,1.434,1.4319,1.4314,1.4317,1.4322,1.4331,1.4342,1.4354,1.437,1.4402,1.4452,1.4512,1.4578,1.4656,1.4769,1.4894,1.5,1.5067,1.5112,1.5148,1.5157,1.5084,1.4938,1.4761
0.048,1.0236,1.0584,1.0932,1.1277,1.1626,1.1973,1.2321,1.267,1.3018,1.3367,1.3716,1.4065,1.4414,1.4763,1.5112,1.546,1.5806,1.615,1.6493,1.6833,1.7161,1.7481,1.7807,1.8144,1.8486,1.8833,1.9182,1.9525,1.985,2.016,1.4384,1.4406,1.4441,1.4483,1.4453,1.4424,1.4396,1.4376,1.4364,1.4357,1.4352,1.4346,1.4342,1.4339,1.4345,1.4374,1.4419,1.4478,1.4541,1.4619,1.4741,1.488,1.5003,1.5095,1.5163,1.5207,1.5205,1.5141,1.5016,1.4855
0.052,1.033,1.0679,1.1028,1.1377,1.1726,1.2075,1.2424,1.2773,1.3122,1.3471,1.382,1.4169,1.4519,1.4868,1.5217,1.5566,1.5913,1.6257,1.6599,1.6938,1.7268,1.7593,1.7921,1.8258,1.8595,1.8937,1.9286,1.9634,1.9974,2.0301,1.4431,1.4438,1.4428,1.4411,1.4388,1.4373,1.4358,1.4346,1.4336,1.4325,1.4316,1.4309,1.4308,1.4315,1.4328,1.4347,1.4386,1.4445,1.4517,1.4603,1.4716,1.4844,1.4964,1.5055,1.5149,1.522,1.5229,1.5197,1.5117,1.4996
0.056,1.033,1.0678,1.1025,1.1372,1.1719,1.2067,1.2414,1.2762,1.3109,1.3456,1.3803,1.4149,1.4497,1.4844,1.5191,1.5538,1.5884,1.623,1.6573,1.691,1.7243,1.7574,1.7902,1.8223,1.8544,1.8877,1.9224,1.9571,1.9916,2.0254,1.4431,1.4425,1.443,1.4449,1.4431,1.4422,1.4414,1.4404,1.4391,1.4368,1.4339,1.4313,1.4299,1.4305,1.4328,1.4358,1.439,1.4427,1.4484,1.4568,1.4667,1.4772,1.4889,1.5023,1.5156,1.5256,1.5277,1.5261,1.5218,1.5137
0.06,1.033,1.068,1.103,1.1379,1.1728,1.2077,1.2426,1.2776,1.3126,1.3476,1.3824,1.4173,1.4523,1.4873,1.5222,1.5572,1.5921,1.6269,1.6617,1.6959,1.7295,1.7627,1.7957,1.8274,1.8586,1.8912,1.926,1.961,1.9958,2.0301,1.4431,1.4439,1.4449,1.4458,1.4428,1.441,1.4395,1.4387,1.4384,1.4371,1.4335,1.4336,1.4317,1.4314,1.4325,1.4343,1.4367,1.4396,1.4436,1.4506,1.4607,1.4716,1.4831,1.498,1.5138,1.5265,1.53,1.5286,1.525,1.5184
0.064,1.033,1.0676,1.1022,1.1368,1.1715,1.2063,1.241,1.2757,1.3105,1.3453,1.38,1.4148,1.4495,1.4843,1.519,1.5538,1.5885,1.6232,1.6578,1.6919,1.7253,1.7585,1.7912,1.8224,1.8535,1.8865,1.9212,1.9559,1.9907,2.0254,1.4478,1.4443,1.441,1.4386,1.4372,1.4385,1.4387,1.4386,1.4383,1.4377,1.4369,1.4362,1.4357,1.4356,1.4355,1.4356,1.4364,1.4383,1.4422,1.4489,1.4583,1.4686,1.4804,1.4959,1.5114,1.5221,1.5249,1.5264,1.5274,1.5278
0.068,1.0424,1.0771,1.1117,1.1463,1.181,1.2156,1.2503,1.285,1.3197,1.3543,1.389,1.4236,1.4582,1.4928,1.5275,1.5622,1.5968,1.6315,1.666,1.7003,1.7339,1.7671,1.7997,1.8306,1.8604,1.8917,1.9262,1.9609,1.9956,2.0301,1.4384,1.4393,1.4408,1.4429,1.4408,1.4397,1.4388,1.4385,1.4385,1.4383,1.437,1.4342,1.4318,1.4324,1.4321,1.4331,1.4347,1.4369,1.4399,1.4451,1.4537,1.4639,1.4756,1.4913,1.5092,1.5239,1.5278,1.5275,1.5261,1.5231
0.072,1.0377,1.0725,1.1069,1.1405,1.1754,1.2101,1.2449,1.2797,1.3144,1.3492,1.3839,1.4186,1.4533,1.488,1.5228,1.5576,1.5924,1.6271,1.6619,1.6961,1.7303,1.7639,1.7967,1.8282,1.8584,1.8894,1.9227,1.9565,1.9908,2.0254,1.429,1.429,1.4335,1.4422,1.4431,1.4429,1.4425,1.442,1.4412,1.4396,1.4376,1.4353,1.4331,1.4308,1.4298,1.43,1.4309,1.4325,1.4341,1.4402,1.4462,1.4553,1.4669,1.4816,1.4989,1.5146,1.5248,1.5328,1.5389,1.5419
0.076,1.0377,1.0727,1.1077,1.1426,1.1777,1.2127,1.2477,1.2827,1.3177,1.3527,1.3877,1.4227,1.4577,1.4927,1.5277,1.5627,1.5977,1.6327,1.6677,1.7026,1.7377,1.7714,1.8052,1.8365,1.8659,1.8961,1.9285,1.9619,1.9957,2.0301,1.4384,1.4405,1.4398,1.4384,1.4389,1.4399,1.4404,1.4407,1.4407,1.4401,1.4389,1.4376,1.4363,1.4353,1.4342,1.434,1.4346,1.4355,1.4367,1.4387,1.4414,1.4503,1.4594,1.4751,1.4942,1.5119,1.5251,1.5357,1.5449,1.5513
0.08,1.0377,1.0724,1.1069,1.1411,1.1758,1.2105,1.2452,1.2799,1.3146,1.3493,1.384,1.4187,1.4533,1.488,1.5227,1.5573,1.592,1.6267,1.6614,1.696,1.7307,1.7643,1.798,1.8311,1.8632,1.893,1.9223,1.9538,1.9868,2.0207,1.4337,1.4338,1.4363,1.4423,1.4419,1.4415,1.4411,1.4409,1.4408,1.4408,1.4406,1.44,1.439,1.4374,1.4361,1.4349,1.4338,1.4332,1.4334,1.4348,1.4373,1.4456,1.4542,1.4644,1.4776,1.4954,1.5139,1.5285,1.5391,1.5466
0.084,1.0471,1.0812,1.1152,1.149,1.1833,1.2176,1.252,1.2863,1.3206,1.3549,1.3892,1.4235,1.4578,1.4921,1.5264,1.5607,1.5949,1.6292,1.6636,1.6979,1.732,1.7657,1.7988,1.8316,1.8628,1.8921,1.9219,1.9541,1.987,2.0207,1.4243,1.4281,1.433,1.4388,1.4385,1.439,1.4394,1.4399,1.4404,1.4408,1.4405,1.4388,1.437,1.4357,1.4342,1.4325,1.4306,1.4293,1.4291,1.4303,1.4341,1.4406,1.4497,1.4598,1.474,1.492,1.5089,1.5207,1.5305,1.5372
0.088,1.0565,1.0905,1.1244,1.158,1.192,1.2259,1.2599,1.294,1.328,1.3621,1.3961,1.4301,1.4641,1.4982,1.5322,1.5661,1.6,1.634,1.6681,1.7021,1.7361,1.7701,1.8037,1.8376,1.867,1.8966,1.9259,1.9563,1.9861,2.016,1.429,1.4307,1.434,1.439,1.44,1.4432,1.4444,1.4452,1.4455,1.4452,1.4439,1.443,1.4424,1.4417,1.4399,1.437,1.4342,1.4326,1.4328,1.4333,1.4344,1.4372,1.442,1.4478,1.4644,1.4812,1.4985,1.5139,1.5303,1.5466
0.092,1.0518,1.0857,1.1194,1.153,1.1869,1.2208,1.2547,1.2887,1.3227,1.3566,1.3906,1.4245,1.4585,1.4924,1.5264,1.5602,1.5941,1.628,1.6619,1.6959,1.7298,1.7637,1.7974,1.831,1.8636,1.8955,1.9239,1.9541,1.9809,2.0066,1.4243,1.4267,1.4308,1.4354,1.4366,1.4392,1.44,1.4406,1.4408,1.4407,1.4405,1.4401,1.4391,1.4384,1.4372,1.4347,1.4317,1.4298,1.4297,1.4303,1.4317,1.434,1.438,1.4436,1.4528,1.4648,1.4833,1.4987,1.5197,1.5419
0.096,1.0471,1.0817,1.1163,1.151,1.1857,1.2204,1.2552,1.29,1.3248,1.3597,1.3945,1.4293,1.4641,1.4989,1.5337,1.5684,1.6031,1.6379,1.6727,1.7075,1.7423,1.777,1.8115,1.8456,1.8785,1.9111,1.9409,1.9712,1.9987,2.0254,1.4243,1.4283,1.4323,1.4352,1.4354,1.4391,1.44,1.4407,1.4408,1.4407,1.4404,1.4393,1.4385,1.4376,1.4357,1.4333,1.4309,1.4291,1.428,1.4277,1.429,1.432,1.4367,1.4442,1.4553,1.4679,1.4857,1.5029,1.5243,1.5466
0.1,1.0565,1.0909,1.1252,1.1593,1.1938,1.2283,1.2628,1.2973,1.3318,1.3663,1.4009,1.4354,1.4699,1.5045,1.539,1.5735,1.608,1.6425,1.677,1.7115,1.746,1.7805,1.815,1.8494,1.8832,1.915,1.946,1.9735,2.001,2.0254,1.4196,1.4226,1.4266,1.4323,1.4337,1.4357,1.4375,1.4391,1.4404,1.4412,1.4416,1.4415,1.4403,1.4394,1.4388,1.4377,1.4358,1.4334,1.4316,1.4313,1.4324,1.4341,1.4367,1.4396,1.447,1.4602,1.4757,1.4966,1.5174,1.5419
0.104,1.0518,1.0867,1.1214,1.1557,1.1905,1.2252,1.2599,1.2948,1.3296,1.3645,1.3993,1.4342,1.469,1.5039,1.5387,1.5734,1.6081,1.6428,1.6776,1.7124,1.7473,1.7821,1.8169,1.8516,1.8857,1.9193,1.9501,1.9814,2.0088,2.0348,1.4196,1.4205,1.4235,1.429,1.4308,1.4351,1.4379,1.4396,1.4406,1.4413,1.4427,1.4443,1.4455,1.4456,1.4434,1.4399,1.436,1.4326,1.4301,1.4282,1.4274,1.4282,1.4308,1.4347,1.4418,1.4514,1.4677,1.4828,1.5047,1.5278
0.108,1.0565,1.0913,1.1258,1.1604,1.1951,1.2299,1.2647,1.2996,1.3345,1.3694,1.4043,1.4393,1.4742,1.5091,1.544,1.5789,1.6137,1.6485,1.6833,1.7182,1.7531,1.788,1.8229,1.8577,1.8921,1.9263,1.9592,1.9892,2.0146,2.0395,1.4149,1.4184,1.4233,1.4285,1.4322,1.4349,1.4375,1.4394,1.4407,1.4413,1.4419,1.4422,1.4421,1.4416,1.4404,1.4386,1.4361,1.4334,1.4307,1.4282,1.4271,1.4279,1.4288,1.4322,1.4381,1.4453,1.4569,1.4745,1.4987,1.5231
0.112,1.0612,1.0954,1.1297,1.1639,1.1983,1.2326,1.2669,1.3013,1.3356,1.37,1.4043,1.4386,1.473,1.5074,1.5417,1.576,1.6103,1.6446,1.6788,1.7131,1.7474,1.7817,1.8161,1.8505,1.8847,1.9182,1.951,1.9796,2.0067,2.0301,1.4196,1.4233,1.426,1.4292,1.4313,1.4335,1.4355,1.4374,1.4392,1.4409,1.4429,1.445,1.4464,1.4457,1.4438,1.441,1.438,1.4354,1.4323,1.429,1.4262,1.4249,1.4255,1.4265,1.4298,1.4374,1.4484,1.4674,1.4884,1.5137
0.116,1.0565,1.0907,1.1248,1.159,1.1931,1.2273,1.2615,1.2957,1.33,1.3643,1.3986,1.4329,1.4671,1.5014,1.5358,1.57,1.6043,1.6385,1.6727,1.7069,1.741,1.7752,1.8095,1.8438,1.8779,1.9114,1.9455,1.9779,2.0071,2.0348,1.4149,1.4179,1.4218,1.4251,1.4288,1.4319,1.4349,1.4373,1.4391,1.4404,1.4416,1.443,1.4446,1.446,1.4462,1.4448,1.4425,1.4399,1.4373,1.4339,1.4303,1.4275,1.4261,1.4261,1.4306,1.4388,1.44,1.452,1.4699,1.4902
0.12,1.0659,1.0999,1.1339,1.1681,1.2023,1.2365,1.2708,1.305,1.3392,1.3734,1.4075,1.4416,1.4757,1.51,1.5443,1.5785,1.6126,1.6468,1.6809,1.715,1.7492,1.7833,1.8174,1.8515,1.8857,1.9197,1.9529,1.9848,2.015,2.0442,1.4102,1.4152,1.4196,1.4224,1.4249,1.4273,1.4294,1.4316,1.4342,1.4372,1.4407,1.4444,1.4476,1.4494,1.4489,1.4462,1.4427,1.4391,1.4357,1.4323,1.4291,1.4258,1.422,1.4179,1.416,1.4204,1.4291,1.4419,1.4581,1.4761
0.124,1.0612,1.0958,1.1303,1.165,1.1996,1.2343,1.269,1.3037,1.3384,1.373,1.4076,1.4422,1.4769,1.5116,1.5463,1.581,1.6156,1.6503,1.6849,1.7195,1.7541,1.7887,1.8234,1.8581,1.8928,1.9273,1.9613,1.9938,2.0243,2.0536,1.4149,1.4182,1.4224,1.4249,1.427,1.4287,1.4304,1.4323,1.4346,1.4374,1.4409,1.4442,1.4466,1.4469,1.4452,1.443,1.4405,1.438,1.4351,1.4317,1.4283,1.4253,1.4229,1.4209,1.4219,1.4261,1.4333,1.4454,1.4622,1.4808
0.128,1.0706,1.105,1.1392,1.1735,1.2079,1.2424,1.2769,1.3114,1.3459,1.3803,1.4146,1.449,1.4834,1.5179,1.5525,1.587,1.6214,1.6557,1.6899,1.7242,1.7587,1.7932,1.8277,1.8622,1.8967,1.9311,1.9657,1.9995,2.03,2.0583,1.4102,1.4131,1.4186,1.4227,1.4255,1.4279,1.4301,1.4322,1.4346,1.4379,1.4417,1.4453,1.4483,1.4499,1.4501,1.4485,1.445,1.4404,1.4358,1.432,1.4295,1.4276,1.4259,1.4239,1.421,1.4184,1.4188,1.4258,1.4422,1.4619
0.132,1.0753,1.1097,1.1439,1.178,1.2123,1.2466,1.281,1.3153,1.3496,1.384,1.4183,1.4525,1.4867,1.5209,1.5552,1.5895,1.6238,1.6582,1.6924,1.7266,1.7607,1.7946,1.8284,1.8623,1.8965,1.9308,1.9652,1.9988,2.0296,2.0583,1.4149,1.4161,1.4193,1.4232,1.4257,1.4264,1.4277,1.4288,1.4301,1.4316,1.4338,1.4368,1.4401,1.4432,1.4458,1.4479,1.4487,1.4477,1.4453,1.4416,1.4371,1.4316,1.4253,1.4202,1.4168,1.4151,1.4164,1.423,1.4384,1.4572
0.136,1.0706,1.1049,1.1388,1.1728,1.2069,1.2412,1.2755,1.3098,1.3441,1.3784,1.4127,1.4469,1.4812,1.5155,1.5498,1.5842,1.6185,1.6529,1.6873,1.7215,1.7557,1.7897,1.8236,1.8575,1.8913,1.9252,1.9595,1.9937,2.0267,2.0583,1.4055,1.4086,1.4138,1.4192,1.4231,1.4257,1.428,1.4299,1.4315,1.4336,1.4363,1.4391,1.4417,1.4438,1.4453,1.4462,1.4465,1.446,1.4448,1.4422,1.4382,1.4333,1.4282,1.4224,1.416,1.4104,1.4079,1.4106,1.4202,1.4337
0.14,1.0706,1.105,1.1391,1.1732,1.2075,1.2419,1.2762,1.3106,1.345,1.3794,1.4137,1.4479,1.4821,1.5165,1.5509,1.5853,1.6197,1.654,1.6884,1.7227,1.757,1.7912,1.8253,1.8594,1.8934,1.9273,1.9616,1.996,2.0299,2.063,1.4102,1.4123,1.4165,1.4213,1.4242,1.4258,1.4272,1.4281,1.429,1.4306,1.4338,1.4375,1.441,1.4433,1.4443,1.4446,1.4441,1.4427,1.4406,1.4383,1.4352,1.4311,1.4265,1.4219,1.4165,1.411,1.4079,1.4092,1.4152,1.4243
0.144,1.0753,1.1097,1.1439,1.1778,1.2119,1.2462,1.2805,1.3148,1.3491,1.3834,1.4173,1.4512,1.4853,1.5194,1.5537,1.5879,1.6223,1.6566,1.6908,1.725,1.7591,1.793,1.8269,1.8609,1.8946,1.9279,1.9619,1.9959,2.0281,2.0583,1.4102,1.4098,1.4121,1.4175,1.4219,1.4232,1.424,1.4246,1.4252,1.4278,1.4332,1.4389,1.4418,1.446,1.4485,1.4505,1.4512,1.4504,1.4483,1.4449,1.4406,1.4357,1.4303,1.4252,1.4186,1.4102,1.4056,1.4103,1.4222,1.4384
0.148,1.0753,1.1093,1.143,1.1768,1.2107,1.2446,1.2786,1.3125,1.3464,1.3803,1.4139,1.4474,1.481,1.5148,1.5487,1.5826,1.6165,1.6505,1.6844,1.7183,1.7522,1.786,1.8198,1.8534,1.8867,1.9193,1.9521,1.9858,2.0197,2.0536,1.4102,1.4115,1.415,1.4188,1.4211,1.4219,1.4226,1.4232,1.4241,1.4271,1.4318,1.4372,1.442,1.4455,1.4481,1.4499,1.4506,1.4502,1.4486,1.4467,1.4445,1.4415,1.4378,1.4332,1.4265,1.417,1.4082,1.4041,1.4018,1.4008
0.152,1.0753,1.1097,1.1438,1.1782,1.2125,1.2471,1.2816,1.3161,1.3506,1.385,1.4194,1.4538,1.4882,1.5224,1.5565,1.5909,1.6253,1.6598,1.6943,1.7288,1.7632,1.7976,1.8316,1.8649,1.898,1.9309,1.9643,1.9988,2.0333,2.0677,1.4149,1.4163,1.4216,1.4252,1.427,1.4259,1.4266,1.4272,1.4283,1.4301,1.4325,1.4354,1.4385,1.4428,1.4484,1.4503,1.4534,1.4541,1.4536,1.4525,1.4509,1.4483,1.4422,1.4332,1.4235,1.413,1.4043,1.4033,1.4041,1.4055
0.156,1.0753,1.1097,1.1438,1.1782,1.2128,1.2474,1.282,1.3166,1.3512,1.3858,1.4203,1.4548,1.4893,1.5238,1.5583,1.5928,1.6272,1.6616,1.6962,1.7307,1.7653,1.7998,1.8342,1.8679,1.9005,1.932,1.9648,1.9989,2.0332,2.0677,1.4102,1.414,1.4199,1.4238,1.4244,1.4238,1.4238,1.424,1.4247,1.4263,1.4285,1.4309,1.4335,1.436,1.4388,1.4422,1.4457,1.4488,1.4513,1.4537,1.4547,1.4529,1.4487,1.4409,1.4293,1.415,1.404,1.398,1.3934,1.3914
0.16,1.08,1.1142,1.1484,1.1823,1.2164,1.2507,1.285,1.3193,1.3535,1.3877,1.4218,1.4559,1.4899,1.5241,1.5582,1.5924,1.6266,1.6608,1.695,1.7292,1.7635,1.7977,1.8317,1.8653,1.898,1.9295,1.9615,1.995,2.0289,2.063,1.4149,1.4131,1.4162,1.4209,1.4229,1.4209,1.4212,1.4215,1.4231,1.4258,1.4293,1.4332,1.4368,1.44,1.443,1.4457,1.4483,1.4505,1.4529,1.4551,1.4555,1.4536,1.4496,1.4428,1.4324,1.419,1.4067,1.3991,1.3941,1.3914
0.164,1.0847,1.1189,1.1531,1.1873,1.2215,1.2557,1.2899,1.3242,1.3584,1.3926,1.4267,1.4607,1.4948,1.5286,1.5625,1.5963,1.6303,1.6645,1.6986,1.7328,1.767,1.8012,1.8353,1.8691,1.9018,1.9331,1.9649,1.9975,2.0302,2.063,1.4196,1.4184,1.4193,1.4204,1.4208,1.4189,1.4189,1.419,1.4198,1.4216,1.4243,1.4276,1.4312,1.4361,1.4414,1.4461,1.4505,1.4515,1.454,1.456,1.4574,1.4567,1.4541,1.4489,1.4387,1.4248,1.4122,1.4017,1.3915,1.382
0.168,1.0847,1.1184,1.1523,1.1865,1.2207,1.255,1.2892,1.3234,1.3576,1.3918,1.4259,1.4599,1.4939,1.5278,1.5619,1.5959,1.6298,1.6637,1.6977,1.7318,1.7659,1.8002,1.8344,1.8685,1.902,1.933,1.9623,1.9938,2.0258,2.0583,1.429,1.4228,1.4188,1.418,1.4171,1.4168,1.4166,1.4167,1.417,1.4184,1.4217,1.4251,1.429,1.4333,1.4368,1.4406,1.4451,1.4496,1.4536,1.4567,1.4586,1.4596,1.4592,1.4571,1.4504,1.4357,1.4182,1.4046,1.3926,1.382
0.172,1.08,1.1147,1.1495,1.1843,1.219,1.2537,1.2885,1.3233,1.3581,1.3929,1.4275,1.4622,1.4969,1.5315,1.5661,1.6006,1.6348,1.6691,1.7035,1.7381,1.7728,1.8076,1.8422,1.8768,1.9101,1.9416,1.9734,2.0053,2.0366,2.0677,1.4243,1.422,1.4214,1.422,1.4216,1.4187,1.4179,1.4174,1.4173,1.4184,1.4212,1.4241,1.427,1.4299,1.4334,1.4383,1.4444,1.4505,1.4555,1.4594,1.4617,1.4627,1.4596,1.4561,1.4461,1.4313,1.4171,1.4032,1.388,1.3726
0.176,1.0894,1.1237,1.158,1.1923,1.2266,1.2608,1.295,1.3294,1.3637,1.398,1.4323,1.4664,1.5006,1.5347,1.5687,1.6026,1.6364,1.6703,1.7042,1.7382,1.7723,1.8067,1.8408,1.8749,1.908,1.9399,1.9717,2.0031,2.0333,2.063,1.429,1.4276,1.4275,1.4257,1.4238,1.4207,1.4188,1.4178,1.4176,1.4187,1.421,1.4247,1.428,1.4318,1.4364,1.4419,1.4479,1.4535,1.4591,1.464,1.4669,1.4673,1.4638,1.4595,1.4503,1.4376,1.4246,1.4107,1.3945,1.3773
0.18,1.0847,1.1196,1.1545,1.1894,1.2242,1.2591,1.294,1.3289,1.3639,1.3988,1.4337,1.4687,1.5036,1.5385,1.5733,1.6076,1.6415,1.6755,1.7099,1.7445,1.7792,1.8139,1.8489,1.8838,1.9181,1.9519,1.985,2.0154,2.0418,2.0677,1.429,1.4262,1.4247,1.4241,1.4209,1.4183,1.4163,1.4152,1.4151,1.4157,1.4168,1.4182,1.4199,1.4216,1.4248,1.4313,1.4398,1.448,1.4544,1.4592,1.4636,1.4671,1.4691,1.4678,1.4609,1.452,1.4407,1.4237,1.4007,1.3773
0.184,1.0894,1.1245,1.1595,1.1945,1.2295,1.2643,1.2992,1.3342,1.3693,1.4043,1.4393,1.4743,1.5092,1.5441,1.579,1.6137,1.6479,1.682,1.7163,1.751,1.7857,1.8206,1.8556,1.8906,1.9249,1.9587,1.9899,2.0197,2.0466,2.0724,1.429,1.4279,1.4265,1.4253,1.4233,1.4191,1.4163,1.414,1.4127,1.4129,1.4152,1.418,1.4211,1.4245,1.4279,1.4329,1.4404,1.4486,1.4558,1.4611,1.4657,1.4694,1.4715,1.4697,1.4628,1.4531,1.4371,1.4188,1.3963,1.3726
0.188,1.0894,1.1243,1.1592,1.1939,1.2286,1.2632,1.298,1.3328,1.3677,1.4026,1.4374,1.4723,1.5072,1.542,1.5768,1.6111,1.645,1.6788,1.7129,1.7473,1.7818,1.8164,1.8512,1.8861,1.9208,1.9548,1.9881,2.0184,2.0432,2.0677,1.4337,1.4327,1.431,1.4285,1.424,1.4201,1.417,1.4152,1.415,1.4155,1.4163,1.4176,1.4192,1.4208,1.4236,1.4296,1.438,1.4467,1.454,1.4597,1.465,1.4693,1.4714,1.4708,1.4667,1.4589,1.4484,1.4315,1.4067,1.382
0.192,1.0941,1.1287,1.1636,1.1984,1.2331,1.2678,1.3026,1.3375,1.3723,1.4072,1.4421,1.477,1.5118,1.5466,1.5812,1.6156,1.6497,1.6837,1.7177,1.7516,1.7859,1.8204,1.855,1.8898,1.9246,1.9583,1.9901,2.0201,2.0468,2.0724,1.4337,1.4292,1.4277,1.4265,1.4223,1.419,1.4167,1.4155,1.4152,1.4153,1.4158,1.4165,1.4173,1.4197,1.4243,1.4304,1.4378,1.4454,1.4534,1.4613,1.4679,1.4731,1.4775,1.4806,1.4788,1.4696,1.4552,1.4376,1.415,1.3914
0.196,1.0941,1.1287,1.1633,1.1978,1.232,1.2663,1.3007,1.3352,1.3698,1.4044,1.439,1.4736,1.5082,1.5427,1.5771,1.6113,1.6452,1.679,1.7127,1.7464,1.7799,1.8135,1.8474,1.8818,1.9164,1.9508,1.985,2.0155,2.0422,2.0677,1.4337,1.4319,1.4296,1.4269,1.4219,1.4172,1.413,1.4099,1.4083,1.4083,1.4092,1.4106,1.4123,1.4146,1.4185,1.424,1.4309,1.4387,1.4466,1.4547,1.4633,1.4717,1.4785,1.4822,1.4802,1.4757,1.4728,1.4555,1.4337,1.4102
0.2,1.0941,1.1291,1.1641,1.1991,1.2339,1.2688,1.3036,1.3386,1.3736,1.4086,1.4437,1.4788,1.5139,1.5489,1.584,1.6187,1.6531,1.687,1.7209,1.7548,1.7887,1.8229,1.8575,1.8924,1.9275,1.9625,1.9964,2.0276,2.0556,2.0818,1.4384,1.435,1.4335,1.4322,1.4277,1.4235,1.4197,1.4166,1.4145,1.4133,1.4128,1.4128,1.4128,1.4135,1.4159,1.4204,1.4276,1.4363,1.4454,1.4545,1.4633,1.4713,1.4771,1.4807,1.4819,1.4793,1.4708,1.4546,1.4334,1.4102
0.204,1.0941,1.1285,1.1628,1.1971,1.2314,1.2658,1.3003,1.3348,1.3694,1.404,1.4386,1.4732,1.5078,1.5424,1.577,1.6114,1.6452,1.6787,1.7121,1.7456,1.7792,1.8126,1.8463,1.8805,1.9149,1.9495,1.984,2.0175,2.0487,2.0771,1.4384,1.4345,1.4297,1.4253,1.4208,1.4168,1.4136,1.4115,1.4106,1.4102,1.4102,1.4103,1.4108,1.4115,1.4128,1.4167,1.4241,1.4329,1.442,1.4504,1.4589,1.4679,1.4757,1.4812,1.4843,1.4849,1.4818,1.4733,1.4581,1.4384
0.208,1.1036,1.1381,1.1727,1.2072,1.2413,1.2754,1.3096,1.3439,1.3784,1.413,1.4476,1.4821,1.5167,1.5512,1.5857,1.6201,1.6542,1.6882,1.722,1.7556,1.7887,1.8217,1.8552,1.8892,1.9236,1.9581,1.9925,2.0257,2.0569,2.0866,1.4337,1.4347,1.435,1.4331,1.4274,1.422,1.417,1.4132,1.411,1.4104,1.4104,1.4108,1.4116,1.4127,1.4147,1.4184,1.4237,1.43,1.437,1.4455,1.4554,1.4656,1.4739,1.4804,1.4839,1.4843,1.4806,1.4712,1.4562,1.4384
0.212,1.1083,1.1429,1.1775,1.2121,1.2465,1.281,1.3154,1.3499,1.3845,1.4191,1.4538,1.4884,1.523,1.5577,1.5923,1.6267,1.6609,1.6949,1.7287,1.7621,1.7954,1.8285,1.8615,1.8946,1.9285,1.9631,1.9975,2.0314,2.0643,2.096,1.4337,1.4321,1.4315,1.4302,1.426,1.4221,1.4185,1.4154,1.413,1.4113,1.4101,1.409,1.4084,1.4088,1.4111,1.415,1.4205,1.4271,1.4349,1.444,1.4537,1.464,1.4746,1.4849,1.4919,1.4935,1.4895,1.4823,1.4713,1.4572
0.216,1.1036,1.1377,1.172,1.2065,1.2409,1.2753,1.3098,1.3442,1.3788,1.4134,1.448,1.4827,1.5173,1.5519,1.5866,1.6211,1.6554,1.6896,1.7236,1.7572,1.7898,1.8224,1.8558,1.8894,1.9232,1.9575,1.9922,2.0264,2.0594,2.0913,1.4478,1.442,1.4367,1.4339,1.4297,1.4254,1.4215,1.4181,1.4155,1.4136,1.4117,1.41,1.4087,1.408,1.4091,1.4124,1.4173,1.4231,1.4295,1.4381,1.4499,1.4617,1.471,1.4794,1.4872,1.4921,1.4918,1.4861,1.4757,1.4619
0.22,1.113,1.1474,1.1819,1.2163,1.2505,1.2847,1.3189,1.3532,1.3875,1.4219,1.4563,1.4908,1.5252,1.5597,1.5941,1.6284,1.6626,1.6967,1.7303,1.7634,1.7956,1.8276,1.8603,1.8936,1.9274,1.9618,1.9962,2.0304,2.0637,2.096,1.4384,1.4374,1.4359,1.4339,1.4293,1.425,1.421,1.4175,1.4144,1.4119,1.4097,1.4079,1.4066,1.4065,1.4084,1.4118,1.4163,1.4219,1.4295,1.4391,1.4515,1.4643,1.4753,1.4841,1.4911,1.4936,1.4921,1.4877,1.4789,1.4667
0.224,1.113,1.1471,1.1814,1.2155,1.2494,1.2832,1.3171,1.3511,1.3852,1.4193,1.4535,1.4877,1.5219,1.5561,1.5903,1.6244,1.6584,1.6922,1.7259,1.7594,1.7921,1.8241,1.856,1.8882,1.9198,1.9522,1.9862,2.0203,2.054,2.0866,1.4384,1.4367,1.4353,1.4341,1.4289,1.4239,1.419,1.4147,1.4114,1.4091,1.4071,1.4053,1.4039,1.4033,1.4041,1.407,1.4114,1.4167,1.4226,1.4297,1.4399,1.452,1.4642,1.476,1.489,1.5002,1.5042,1.5022,1.4962,1.4855
0.228,1.1083,1.1421,1.1761,1.2107,1.2453,1.2799,1.3144,1.349,1.3836,1.4181,1.4526,1.4871,1.5216,1.5563,1.5909,1.6255,1.6601,1.6946,1.729,1.763,1.7961,1.8285,1.861,1.8931,1.9251,1.958,1.9926,2.0272,2.0618,2.096,1.4478,1.4402,1.4339,1.4313,1.4286,1.4261,1.4238,1.4211,1.4182,1.4151,1.4115,1.4082,1.4056,1.4045,1.4052,1.4074,1.4101,1.4132,1.4178,1.4245,1.4349,1.4472,1.4593,1.4722,1.4857,1.4964,1.4995,1.4987,1.496,1.4902
0.232,1.1083,1.1428,1.1773,1.2118,1.2461,1.2804,1.3147,1.3491,1.3835,1.418,1.4525,1.487,1.5215,1.556,1.5905,1.625,1.6594,1.6938,1.7282,1.7622,1.7956,1.8281,1.8599,1.8913,1.9223,1.9539,1.9881,2.0226,2.0571,2.0913,1.4337,1.4331,1.4329,1.4331,1.4289,1.4253,1.4217,1.4186,1.4162,1.4145,1.4129,1.4111,1.4095,1.4085,1.4085,1.4099,1.4121,1.415,1.4187,1.4243,1.433,1.4448,1.4581,1.4725,1.4877,1.5016,1.5066,1.5063,1.5043,1.4996
0.236,1.1083,1.1428,1.1773,1.212,1.2464,1.2809,1.3155,1.35,1.3846,1.4192,1.4537,1.4883,1.5228,1.5574,1.5921,1.6267,1.6613,1.6959,1.7305,1.7647,1.7983,1.8314,1.8641,1.8951,1.9259,1.958,1.9923,2.0268,2.0613,2.096,1.4384,1.4355,1.4331,1.4322,1.4286,1.4255,1.4227,1.4201,1.4178,1.4156,1.413,1.4102,1.4077,1.406,1.4057,1.4063,1.4077,1.4097,1.4124,1.4177,1.4263,1.4363,1.4479,1.4633,1.4793,1.4921,1.4975,1.5009,1.5034,1.5043
0.24,1.113,1.1468,1.1807,1.2146,1.2485,1.2823,1.3162,1.3501,1.384,1.4178,1.4515,1.4852,1.519,1.5529,1.5867,1.6206,1.6546,1.6882,1.7221,1.7557,1.7889,1.8216,1.8538,1.8856,1.9159,1.9454,1.9768,2.0099,2.0433,2.0771,1.429,1.4316,1.4334,1.4338,1.4311,1.429,1.4271,1.4257,1.4242,1.4207,1.4167,1.413,1.4101,1.4075,1.405,1.4032,1.4025,1.4063,1.4093,1.414,1.4208,1.43,1.4406,1.4525,1.4677,1.4846,1.4974,1.505,1.5107,1.5137
0.244,1.1177,1.1523,1.187,1.2217,1.2563,1.2909,1.3255,1.3601,1.3947,1.4291,1.4636,1.4981,1.5326,1.5672,1.6019,1.6366,1.6712,1.7059,1.7403,1.7745,1.8082,1.8415,1.8736,1.903,1.9315,1.9625,1.9968,2.0314,2.066,2.1007,1.4337,1.4346,1.4342,1.433,1.43,1.4277,1.4256,1.4236,1.4208,1.4167,1.4126,1.4089,1.4058,1.4033,1.4014,1.4006,1.4012,1.4026,1.4073,1.4128,1.4211,1.4308,1.4441,1.4624,1.4823,1.4977,1.503,1.5061,1.5082,1.509
0.248,1.1177,1.1518,1.186,1.2203,1.2544,1.2886,1.3228,1.357,1.3912,1.4254,1.4595,1.4936,1.5277,1.5619,1.5962,1.6305,1.6648,1.6991,1.7334,1.7672,1.8009,1.8339,1.8664,1.8975,1.9266,1.9557,1.9866,2.0194,2.0527,2.0866,1.4384,1.4348,1.4322,1.4312,1.4278,1.4247,1.4218,1.419,1.4163,1.4133,1.4094,1.4055,1.402,1.3993,1.3976,1.3968,1.397,1.3985,1.4007,1.4064,1.4131,1.4224,1.4334,1.4478,1.466,1.4843,1.4992,1.5094,1.5177,1.5231
0.252,1.113,1.1475,1.1819,1.2162,1.2507,1.2851,1.3196,1.3541,1.3885,1.4229,1.4573,1.4915,1.5258,1.5602,1.5947,1.6292,1.6637,1.6982,1.7328,1.7672,1.8015,1.8349,1.8686,1.9007,1.9304,1.9589,1.9887,2.0206,2.0532,2.0866,1.429,1.43,1.4329,1.4363,1.4337,1.4321,1.4304,1.4285,1.4262,1.4233,1.4195,1.4151,1.4113,1.4088,1.4071,1.4055,1.4042,1.4035,1.404,1.4067,1.411,1.4193,1.4271,1.4397,1.4574,1.4768,1.4943,1.5074,1.5188,1.5278
0.256,1.1177,1.1516,1.1856,1.2195,1.2534,1.2873,1.3212,1.3551,1.389,1.4229,1.4567,1.4905,1.5243,1.5582,1.5921,1.626,1.6599,1.6939,1.7278,1.7618,1.7957,1.8293,1.8625,1.8946,1.9271,1.9506,1.9796,2.0084,2.0376,2.0677,1.429,1.4299,1.4311,1.4319,1.4291,1.427,1.425,1.4232,1.4212,1.4182,1.4149,1.4116,1.4087,1.406,1.4033,1.4012,1.3999,1.4,1.4012,1.4029,1.4053,1.4099,1.4172,1.4277,1.4395,1.4634,1.4815,1.4994,1.5168,1.5325
0.26,1.1271,1.161,1.195,1.229,1.2629,1.2971,1.3311,1.3651,1.3992,1.4332,1.4672,1.5013,1.5353,1.5693,1.6033,1.6373,1.6712,1.7053,1.7394,1.7735,1.8076,1.8414,1.8747,1.9074,1.9387,1.9687,1.9971,2.0245,2.0512,2.0771,1.4337,1.4302,1.4284,1.4285,1.4264,1.4262,1.4237,1.4218,1.4201,1.4185,1.416,1.4138,1.4117,1.4095,1.4067,1.4036,1.4008,1.3989,1.3985,1.3984,1.3991,1.4033,1.4106,1.4204,1.4338,1.45,1.4689,1.4892,1.5104,1.5325
0.264,1.1177,1.1523,1.1869,1.2215,1.2561,1.2907,1.3252,1.3598,1.3944,1.429,1.4636,1.4981,1.5326,1.5672,1.6016,1.6361,1.6706,1.7051,1.7397,1.7743,1.8089,1.8434,1.8772,1.9109,1.9384,1.9689,1.9991,2.029,2.0579,2.0866,1.429,1.4294,1.4291,1.4286,1.4262,1.4246,1.423,1.4216,1.4202,1.4184,1.4162,1.4137,1.411,1.4083,1.4052,1.4018,1.3986,1.3964,1.3947,1.3932,1.3934,1.3966,1.4035,1.413,1.4337,1.4502,1.467,1.4846,1.5037,1.5231
0.268,1.1224,1.1566,1.1908,1.2251,1.2593,1.2935,1.3278,1.362,1.3962,1.4304,1.4645,1.4985,1.5326,1.5667,1.6009,1.635,1.6691,1.7033,1.7375,1.7718,1.806,1.8401,1.8741,1.9077,1.9397,1.9705,2.0004,2.0269,2.0536,2.0771,1.4243,1.4257,1.4266,1.4268,1.4249,1.4241,1.4233,1.4227,1.4219,1.4199,1.4164,1.4125,1.4087,1.4057,1.4031,1.4002,1.3975,1.3954,1.3943,1.3952,1.3974,1.4004,1.4041,1.4111,1.4233,1.4383,1.4551,1.4766,1.4981,1.5231
0.272,1.1224,1.1562,1.19,1.2238,1.2577,1.2916,1.3255,1.3593,1.3932,1.4271,1.4609,1.4947,1.5285,1.5623,1.596,1.6296,1.6632,1.6968,1.7305,1.7643,1.7981,1.832,1.8658,1.8993,1.9315,1.9628,1.9894,2.0192,2.0458,2.0724,1.4243,1.4263,1.4286,1.4309,1.4301,1.4299,1.4296,1.4291,1.4284,1.4274,1.4257,1.4232,1.4204,1.4178,1.4144,1.4101,1.4053,1.4007,1.3972,1.3949,1.3933,1.3936,1.3965,1.4015,1.4117,1.4252,1.446,1.4623,1.4834,1.5043
0.276,1.1224,1.1574,1.1924,1.2274,1.2624,1.2974,1.3324,1.3674,1.4024,1.4374,1.4723,1.5072,1.5421,1.577,1.6119,1.6467,1.6816,1.7165,1.7514,1.7863,1.8213,1.8564,1.8912,1.9258,1.959,1.9911,2.0218,2.0485,2.073,2.096,1.4243,1.4248,1.4255,1.4269,1.4257,1.4254,1.425,1.4248,1.4245,1.4235,1.4207,1.4175,1.4143,1.4113,1.4083,1.4051,1.4019,1.399,1.3963,1.3938,1.3927,1.3935,1.3966,1.4024,1.4133,1.4273,1.4443,1.4668,1.4919,1.5184
0.28,1.1271,1.1613,1.1956,1.23,1.2644,1.2989,1.3333,1.3679,1.4024,1.4369,1.4714,1.5058,1.5402,1.5747,1.6091,1.6435,1.6779,1.7123,1.7467,1.7811,1.8155,1.8501,1.8846,1.9189,1.9527,1.9852,2.0157,2.0425,2.0658,2.0866,1.4243,1.4289,1.4332,1.4355,1.4324,1.43,1.428,1.4269,1.4266,1.4255,1.4235,1.4209,1.418,1.4154,1.4128,1.41,1.4066,1.4032,1.4001,1.3973,1.395,1.3941,1.3954,1.3989,1.4063,1.4179,1.4341,1.4559,1.4814,1.509
0.284,1.1271,1.1616,1.196,1.2304,1.2649,1.2993,1.3338,1.3683,1.4028,1.4373,1.4718,1.5062,1.5406,1.5749,1.6092,1.6434,1.6776,1.7119,1.7462,1.7805,1.815,1.8495,1.8838,1.9181,1.9523,1.9859,2.0177,2.0445,2.0695,2.0913,1.4196,1.4188,1.4195,1.4226,1.4237,1.4257,1.4263,1.4267,1.4265,1.4254,1.4234,1.4204,1.4178,1.4145,1.4104,1.4059,1.4013,1.3972,1.3936,1.3903,1.3885,1.3893,1.3924,1.3964,1.4014,1.409,1.4225,1.4442,1.468,1.4949
0.288,1.1271,1.1615,1.196,1.2304,1.2649,1.2994,1.3339,1.3684,1.4028,1.4373,1.4718,1.5063,1.5407,1.5752,1.6095,1.6437,1.6779,1.7122,1.7465,1.7807,1.815,1.8494,1.8839,1.9182,1.9525,1.9867,2.0192,2.0497,2.0755,2.1007,1.4196,1.4209,1.4228,1.4237,1.4244,1.4246,1.4248,1.4248,1.4245,1.424,1.4232,1.4221,1.4208,1.4191,1.4163,1.4121,1.4076,1.4036,1.3998,1.3958,1.3921,1.3899,1.3906,1.3939,1.3973,1.4023,1.4135,1.4294,1.4526,1.4761
0.292,1.1271,1.1617,1.1962,1.2306,1.2651,1.2996,1.3342,1.3688,1.4034,1.438,1.4726,1.5071,1.5417,1.5763,1.6108,1.6452,1.6794,1.7136,1.7478,1.7821,1.8164,1.8509,1.8855,1.92,1.9545,1.9886,2.0222,2.0545,2.0801,2.1054,1.4149,1.4161,1.4183,1.4216,1.4247,1.4267,1.4282,1.4289,1.4289,1.4283,1.4271,1.4256,1.4239,1.422,1.4196,1.4157,1.4107,1.4054,1.4006,1.3958,1.391,1.3884,1.3887,1.3905,1.3938,1.3995,1.4076,1.4191,1.4433,1.4667
0.296,1.1318,1.1661,1.2004,1.2348,1.2692,1.3037,1.3381,1.3725,1.407,1.4414,1.4758,1.5102,1.5447,1.5791,1.6134,1.6476,1.6818,1.7159,1.7502,1.7844,1.8186,1.8529,1.8872,1.9216,1.9561,1.9904,2.0242,2.0556,2.0835,2.1101,1.4149,1.4172,1.4201,1.4216,1.4228,1.4234,1.424,1.4242,1.4243,1.4241,1.4236,1.4229,1.422,1.4206,1.4177,1.4138,1.4095,1.4054,1.4019,1.3982,1.3943,1.3909,1.3883,1.3868,1.3873,1.3898,1.3963,1.4105,1.4307,1.4525
0.3,1.1318,1.1661,1.2004,1.2347,1.269,1.3034,1.3377,1.3721,1.4065,1.4409,1.4752,1.5096,1.5439,1.5782,1.6125,1.6468,1.681,1.7151,1.7493,1.7833,1.8173,1.8514,1.8856,1.9199,1.9542,1.9885,2.0223,2.0541,2.0827,2.1101,1.4149,1.4151,1.4177,1.4203,1.4226,1.4243,1.4256,1.4263,1.4267,1.4263,1.4252,1.4235,1.4215,1.4194,1.4171,1.4142,1.4106,1.4067,1.4025,1.3977,1.3927,1.3883,1.3848,1.3816,1.3807,1.3837,1.3903,1.4031,1.4223,1.4431
0.304,1.1318,1.1657,1.1997,1.2336,1.2676,1.3016,1.3356,1.3696,1.4036,1.4377,1.4717,1.5057,1.5397,1.5737,1.6077,1.6416,1.6754,1.7091,1.743,1.7768,1.8106,1.8444,1.8782,1.9121,1.9461,1.9801,2.014,2.0475,2.0794,2.1101,1.4149,1.4129,1.4133,1.4162,1.4154,1.4149,1.4147,1.4148,1.415,1.4154,1.4156,1.4155,1.4149,1.4138,1.4125,1.4103,1.4062,1.4013,1.4003,1.3963,1.3924,1.3881,1.3843,1.3817,1.3804,1.3804,1.3823,1.3884,1.4003,1.4149
0.308,1.1318,1.166,1.2002,1.2344,1.2686,1.3028,1.3371,1.3713,1.4055,1.4398,1.474,1.5083,1.5425,1.5767,1.6109,1.6451,1.6792,1.7132,1.7472,1.7812,1.8153,1.8493,1.8833,1.9173,1.9513,1.9855,2.0197,2.0533,2.085,2.1148,1.4149,1.4141,1.4156,1.4175,1.4194,1.4206,1.4214,1.4219,1.422,1.4217,1.4211,1.4203,1.4193,1.4182,1.4168,1.4144,1.4109,1.4069,1.4029,1.3992,1.3954,1.3914,1.3874,1.3836,1.3794,1.3772,1.3786,1.3849,1.3981,1.4149
0.312,1.1318,1.1662,1.2006,1.235,1.2695,1.3039,1.3384,1.3728,1.4072,1.4417,1.4761,1.5106,1.545,1.5795,1.6139,1.6483,1.6826,1.7168,1.7511,1.7852,1.8192,1.8532,1.8872,1.9211,1.955,1.9892,2.0237,2.0572,2.0873,2.1148,1.4196,1.4178,1.4179,1.4192,1.4206,1.4211,1.4216,1.4218,1.422,1.422,1.422,1.422,1.422,1.4218,1.4206,1.4182,1.415,1.4114,1.4076,1.4031,1.3976,1.3918,1.3861,1.38,1.3739,1.3698,1.3698,1.3772,1.3943,1.4149
0.316,1.1365,1.1708,1.2052,1.2396,1.274,1.3085,1.343,1.3774,1.4119,1.4463,1.4808,1.5152,1.5497,1.5841,1.6186,1.653,1.6874,1.7217,1.756,1.7903,1.8244,1.8584,1.8923,1.9265,1.9608,1.9951,2.0296,2.0637,2.0968,2.1289,1.4243,1.4215,1.4193,1.4187,1.4175,1.418,1.4175,1.4173,1.4173,1.4174,1.4175,1.4174,1.4169,1.416,1.4147,1.413,1.4107,1.4079,1.4049,1.4013,1.3965,1.3905,1.3848,1.3805,1.3769,1.3742,1.3738,1.3787,1.3882,1.4008
0.32,1.1365,1.1708,1.205,1.2393,1.2736,1.3079,1.3422,1.3765,1.4108,1.4451,1.4794,1.5137,1.548,1.5823,1.6166,1.6509,1.6852,1.7195,1.7537,1.7879,1.8218,1.8552,1.8886,1.9221,1.9557,1.9896,2.0238,2.0581,2.0918,2.1242,1.4149,1.4152,1.4169,1.4183,1.4188,1.417,1.417,1.417,1.4174,1.4183,1.4193,1.4201,1.4205,1.4204,1.4197,1.4188,1.4176,1.416,1.414,1.4112,1.4056,1.3978,1.39,1.3827,1.3758,1.3701,1.3678,1.3688,1.3755,1.3867
0.324,1.1459,1.179,1.2122,1.2457,1.2791,1.3126,1.346,1.3795,1.4129,1.4464,1.4798,1.5132,1.5467,1.5801,1.6136,1.647,1.6804,1.7139,1.7472,1.7804,1.8135,1.8466,1.8797,1.9126,1.9454,1.9779,2.0102,2.0432,2.0766,2.1101,1.4243,1.4193,1.4163,1.4156,1.4146,1.4145,1.4145,1.4147,1.415,1.4157,1.4167,1.4178,1.4189,1.4198,1.4205,1.4211,1.4208,1.4192,1.4163,1.4123,1.4077,1.4029,1.3977,1.3921,1.3854,1.3775,1.3686,1.3632,1.3622,1.3632
0.328,1.1412,1.1753,1.2095,1.2437,1.2779,1.3121,1.3463,1.3805,1.4148,1.449,1.4833,1.5175,1.5517,1.5859,1.6202,1.6544,1.6887,1.7229,1.7571,1.7912,1.8251,1.8587,1.8918,1.9252,1.9589,1.9928,2.0267,2.0608,2.0948,2.1289,1.4243,1.4211,1.4192,1.4197,1.4208,1.4179,1.4165,1.415,1.4138,1.4133,1.4138,1.415,1.4164,1.4176,1.4184,1.419,1.4191,1.4184,1.4167,1.4135,1.4085,1.4018,1.393,1.3852,1.3794,1.3743,1.3698,1.3658,1.362,1.3585
0.332,1.1365,1.1708,1.205,1.2393,1.2737,1.308,1.3424,1.3769,1.4113,1.4457,1.4802,1.5146,1.549,1.5835,1.6179,1.6523,1.6867,1.7212,1.7556,1.79,1.8242,1.8579,1.8914,1.925,1.9586,1.9921,2.0259,2.0601,2.0945,2.1289,1.429,1.4257,1.4221,1.4185,1.4179,1.415,1.4132,1.4116,1.4105,1.4104,1.4112,1.4123,1.4136,1.4149,1.4164,1.418,1.4191,1.4194,1.4188,1.4166,1.4118,1.4048,1.397,1.3894,1.3818,1.3737,1.367,1.3631,1.3602,1.3585
0.336,1.1459,1.1798,1.2137,1.2475,1.2814,1.3152,1.349,1.3829,1.4168,1.4507,1.4846,1.5185,1.5524,1.5863,1.6202,1.6541,1.6879,1.7218,1.7557,1.7896,1.8235,1.8572,1.8904,1.9228,1.9546,1.9861,2.0185,2.052,2.0857,2.1195,1.4243,1.4233,1.4225,1.4224,1.4219,1.4187,1.417,1.4158,1.4151,1.4147,1.414,1.4133,1.4126,1.4123,1.4127,1.4137,1.4148,1.4158,1.4163,1.4166,1.4157,1.4117,1.405,1.3949,1.3833,1.3708,1.3608,1.3552,1.3514,1.3491
0.34,1.1412,1.1753,1.2093,1.2434,1.2774,1.3113,1.3454,1.3795,1.4136,1.4477,1.4819,1.516,1.5502,1.5842,1.6182,1.6522,1.6862,1.7203,1.7544,1.7885,1.8226,1.8566,1.8901,1.9226,1.9545,1.9859,2.0179,2.0515,2.0854,2.1195,1.4196,1.421,1.4222,1.4202,1.4176,1.4135,1.4106,1.4088,1.4083,1.4079,1.4074,1.4068,1.4065,1.4088,1.4119,1.4151,1.4186,1.4194,1.4216,1.4236,1.4242,1.4208,1.4142,1.4037,1.3914,1.378,1.3663,1.36,1.356,1.3538
0.344,1.1459,1.1799,1.2137,1.2478,1.282,1.3163,1.3506,1.3849,1.4192,1.4535,1.4879,1.5222,1.5565,1.5908,1.6251,1.6594,1.6936,1.7278,1.7621,1.7964,1.8307,1.8647,1.8986,1.9318,1.9636,1.9956,2.027,2.0606,2.0947,2.1289,1.4337,1.4289,1.4233,1.4187,1.4157,1.4141,1.4125,1.4111,1.4104,1.4101,1.4102,1.4107,1.4115,1.4128,1.4142,1.4161,1.4188,1.4217,1.4239,1.424,1.4215,1.4173,1.4116,1.4026,1.3897,1.3773,1.3634,1.3565,1.352,1.3491
0.348,1.1412,1.1756,1.2099,1.2441,1.2784,1.3125,1.3467,1.381,1.4155,1.4499,1.4844,1.5188,1.5533,1.5877,1.622,1.6562,1.6903,1.7245,1.7589,1.7933,1.8277,1.8621,1.8966,1.93,1.9629,1.994,2.0249,2.0565,2.088,2.1195,1.4243,1.4268,1.4268,1.4227,1.4193,1.4145,1.4105,1.4072,1.4057,1.4055,1.4057,1.4062,1.4068,1.4077,1.4106,1.4151,1.4201,1.4244,1.4266,1.4262,1.4245,1.4224,1.4202,1.4121,1.4022,1.3871,1.3719,1.3581,1.3443,1.3303
0.352,1.1412,1.1749,1.2089,1.2432,1.2774,1.3117,1.346,1.3806,1.4151,1.4497,1.4842,1.5188,1.5534,1.5879,1.6224,1.6568,1.6913,1.7257,1.76,1.7944,1.8289,1.8635,1.8975,1.9303,1.9615,1.9945,2.0266,2.0591,2.0916,2.1242,1.4431,1.4356,1.4294,1.4253,1.4205,1.4156,1.4121,1.4104,1.4102,1.4102,1.4102,1.4102,1.4104,1.4118,1.4142,1.417,1.4198,1.423,1.427,1.4303,1.4314,1.4296,1.4238,1.4126,1.3974,1.3875,1.3746,1.3629,1.3512,1.3397
0.356,1.1506,1.1846,1.2186,1.253,1.2872,1.3213,1.3555,1.3897,1.4241,1.4586,1.4931,1.5276,1.5621,1.5965,1.631,1.6654,1.6997,1.7339,1.7681,1.8024,1.8368,1.8713,1.9057,1.94,1.9738,2.0061,2.0371,2.0676,2.0952,2.1195,1.4384,1.4329,1.4274,1.4246,1.4202,1.415,1.4101,1.406,1.4036,1.4029,1.403,1.4035,1.4045,1.4058,1.4074,1.4098,1.4135,1.418,1.4224,1.4264,1.4282,1.4266,1.4247,1.421,1.4141,1.4021,1.3869,1.3708,1.35,1.3256
0.36,1.1506,1.1848,1.2191,1.2535,1.2877,1.3219,1.3562,1.3905,1.425,1.4595,1.494,1.5286,1.5632,1.5978,1.6323,1.6667,1.701,1.7352,1.7692,1.8032,1.8375,1.8721,1.9066,1.9409,1.9749,2.0069,2.0391,2.0662,2.0933,2.1195,1.4431,1.4379,1.4334,1.4301,1.4249,1.4197,1.415,1.4111,1.408,1.4059,1.4042,1.4028,1.4021,1.4028,1.405,1.4083,1.4127,1.4179,1.4242,1.4306,1.4349,1.4352,1.4318,1.4279,1.4212,1.4081,1.3964,1.3742,1.3529,1.3303
0.364,1.1506,1.1849,1.2194,1.2541,1.2886,1.3229,1.3573,1.3919,1.4267,1.4615,1.4964,1.5312,1.5661,1.6009,1.6357,1.6703,1.7048,1.7393,1.7738,1.8083,1.843,1.8778,1.9126,1.9471,1.9812,2.0149,2.047,2.0764,2.1032,2.1289,1.4431,1.437,1.4325,1.4295,1.4241,1.4182,1.4127,1.4084,1.406,1.4055,1.4055,1.4055,1.4055,1.4057,1.4078,1.412,1.4171,1.422,1.4266,1.4313,1.435,1.4362,1.4341,1.4291,1.4219,1.413,1.3995,1.3809,1.3584,1.335
0.368,1.1506,1.185,1.2194,1.2538,1.2881,1.3224,1.3567,1.3911,1.4255,1.46,1.4946,1.5291,1.5638,1.5984,1.6329,1.6673,1.7016,1.7357,1.7698,1.8041,1.8383,1.8728,1.9074,1.9419,1.9762,2.01,2.0424,2.0712,2.097,2.1195,1.4431,1.4391,1.435,1.4313,1.4265,1.422,1.4174,1.4131,1.4094,1.4064,1.4043,1.4027,1.4015,1.4013,1.4033,1.4072,1.4125,1.4185,1.424,1.4292,1.4345,1.4373,1.4359,1.4332,1.4281,1.4206,1.4084,1.3891,1.3661,1.3397
0.372,1.1553,1.19,1.2249,1.2593,1.2936,1.3289,1.3635,1.3983,1.4333,1.4684,1.5035,1.5386,1.5737,1.6088,1.6439,1.6788,1.7135,1.7482,1.7829,1.8176,1.8522,1.887,1.9221,1.9571,1.9914,2.0254,2.0576,2.0853,2.1099,2.1336,1.4431,1.4379,1.4335,1.4276,1.4219,1.4204,1.4144,1.4103,1.4076,1.4062,1.4056,1.4052,1.4053,1.4058,1.4076,1.4114,1.4165,1.422,1.427,1.4322,1.438,1.4428,1.4447,1.4424,1.435,1.4263,1.412,1.3907,1.3656,1.3397
0.376,1.1506,1.1849,1.2192,1.2536,1.2877,1.3218,1.356,1.3902,1.4245,1.4589,1.4933,1.5277,1.5622,1.5967,1.6311,1.6654,1.6996,1.7337,1.7678,1.8016,1.8355,1.8697,1.9042,1.9387,1.9731,2.0069,2.0405,2.0707,2.096,2.1195,1.4431,1.4397,1.4365,1.434,1.4287,1.4235,1.4186,1.4144,1.4111,1.4082,1.4054,1.4031,1.4016,1.4014,1.4034,1.407,1.4115,1.4163,1.4221,1.4287,1.4349,1.4394,1.4415,1.4414,1.4384,1.4321,1.4238,1.4072,1.3838,1.3585
0.38,1.1506,1.1852,1.2199,1.2546,1.289,1.3231,1.3574,1.3917,1.4262,1.4607,1.4954,1.5301,1.5647,1.5995,1.6342,1.6689,1.7035,1.7379,1.7721,1.8062,1.8405,1.875,1.9097,1.9443,1.9791,2.0137,2.0474,2.0795,2.1096,2.1383,1.4431,1.4404,1.4392,1.4385,1.433,1.4269,1.4209,1.4157,1.4113,1.4078,1.4052,1.4029,1.401,1.4001,1.4006,1.4026,1.4059,1.4105,1.4166,1.4232,1.4288,1.4328,1.4354,1.4377,1.4387,1.4357,1.4276,1.4143,1.3968,1.3773
0.384,1.16,1.1934,1.2273,1.2614,1.2955,1.33,1.3643,1.3984,1.4325,1.4667,1.5011,1.5355,1.5699,1.6044,1.6388,1.6731,1.7071,1.741,1.7749,1.8089,1.8429,1.8768,1.9109,1.9454,1.9798,2.0142,2.0483,2.0803,2.1077,2.1336,1.4478,1.4394,1.4333,1.4281,1.4244,1.4231,1.4191,1.4139,1.409,1.405,1.4021,1.3996,1.3976,1.3965,1.3973,1.401,1.4065,1.413,1.4193,1.4249,1.4308,1.4374,1.4421,1.4432,1.4418,1.4389,1.4336,1.4212,1.3999,1.3773
0.388,1.1506,1.1849,1.2191,1.2534,1.2873,1.3213,1.3553,1.3894,1.4236,1.4578,1.492,1.5261,1.5603,1.5946,1.629,1.6633,1.6975,1.7315,1.7656,1.7995,1.8332,1.8668,1.9007,1.9348,1.969,2.0034,2.0377,2.0705,2.1006,2.1289,1.4478,1.4446,1.4414,1.4382,1.4324,1.427,1.4219,1.4173,1.4134,1.4098,1.4054,1.401,1.3971,1.3945,1.3942,1.397,1.4013,1.4062,1.4112,1.4169,1.4241,1.4313,1.4375,1.442,1.4454,1.4462,1.4427,1.4325,1.4157,1.3961
0.392,1.1553,1.1892,1.2233,1.2573,1.2912,1.3257,1.3596,1.3935,1.4274,1.4614,1.4954,1.5295,1.5637,1.598,1.6323,1.6666,1.7007,1.7347,1.7687,1.8025,1.8363,1.8701,1.904,1.9379,1.9718,2.006,2.0403,2.0738,2.1048,2.1336,1.4478,1.4426,1.4386,1.4349,1.431,1.4308,1.4255,1.4204,1.4149,1.4097,1.4053,1.4013,1.3978,1.3956,1.3956,1.3977,1.4015,1.406,1.4109,1.4168,1.423,1.429,1.4345,1.44,1.4454,1.4482,1.4466,1.4391,1.4242,1.4055
0.396,1.16,1.1938,1.2279,1.2618,1.2956,1.3303,1.3644,1.3985,1.4326,1.4668,1.5011,1.5354,1.5697,1.6041,1.6386,1.673,1.7074,1.7416,1.7758,1.8098,1.8435,1.8771,1.9108,1.9447,1.9787,2.013,2.0475,2.0813,2.113,2.143,1.4525,1.4458,1.4403,1.4349,1.43,1.4292,1.4235,1.4184,1.4133,1.4087,1.4048,1.4012,1.3978,1.3953,1.3949,1.3968,1.4001,1.4041,1.4086,1.4146,1.4221,1.4298,1.4371,1.4438,1.4497,1.4531,1.4525,1.4455,1.432,1.4149
0.4,1.1553,1.1895,1.2237,1.2578,1.2915,1.3253,1.3591,1.393,1.427,1.4611,1.4951,1.5292,1.5634,1.5976,1.6319,1.6662,1.7004,1.7346,1.7688,1.8028,1.8362,1.8691,1.9021,1.9358,1.9698,2.0038,2.0381,2.0723,2.1057,2.1383,1.4478,1.4455,1.4425,1.4392,1.433,1.427,1.4211,1.416,1.4118,1.4078,1.4038,1.4002,1.3974,1.3956,1.3945,1.3948,1.3965,1.3992,1.4026,1.4068,1.4144,1.4241,1.4333,1.4399,1.4444,1.4485,1.4501,1.4473,1.4397,1.429
0.404,1.16,1.1941,1.2283,1.2622,1.296,1.3303,1.3641,1.398,1.4318,1.4657,1.4996,1.5333,1.5675,1.6016,1.6357,1.67,1.7042,1.7385,1.7726,1.8064,1.8398,1.8727,1.9057,1.9386,1.9716,2.0052,2.0395,2.0735,2.1066,2.1383,1.4478,1.4444,1.4424,1.4399,1.4347,1.4331,1.4278,1.4226,1.4171,1.4121,1.4074,1.4012,1.3997,1.3961,1.3941,1.3938,1.394,1.3945,1.3972,1.4029,1.4105,1.4198,1.4292,1.4386,1.4479,1.4543,1.4546,1.4508,1.4419,1.429
0.408,1.1553,1.1895,1.2238,1.2579,1.2919,1.3266,1.3608,1.3951,1.4294,1.4636,1.4975,1.5312,1.5653,1.5995,1.634,1.6685,1.7031,1.7375,1.772,1.8062,1.84,1.8735,1.9068,1.9399,1.9729,2.0065,2.041,2.0755,2.1097,2.143,1.4525,1.4476,1.4434,1.439,1.4341,1.4332,1.4286,1.4244,1.4198,1.4148,1.4082,1.4006,1.3952,1.3902,1.3889,1.3893,1.3909,1.3932,1.396,1.4002,1.4073,1.416,1.425,1.4352,1.4454,1.4532,1.4548,1.4528,1.4475,1.4384
0.412,1.1553,1.1892,1.2231,1.2574,1.2916,1.3263,1.3607,1.395,1.4292,1.4634,1.4972,1.531,1.5652,1.5995,1.634,1.6686,1.7032,1.7378,1.7723,1.8068,1.8406,1.8739,1.907,1.9403,1.9728,2.0054,2.0398,2.0743,2.1088,2.143,1.4572,1.4501,1.4439,1.4394,1.4361,1.4361,1.4321,1.428,1.423,1.4174,1.4103,1.4026,1.3978,1.3934,1.3914,1.3904,1.3899,1.3901,1.3909,1.3937,1.4009,1.4104,1.4204,1.4298,1.4418,1.4531,1.4571,1.456,1.4529,1.4478
0.416,1.16,1.1942,1.2285,1.2627,1.2966,1.3312,1.3653,1.3995,1.4337,1.4679,1.502,1.5361,1.5702,1.6043,1.6388,1.6732,1.7076,1.742,1.7765,1.8109,1.8448,1.8774,1.9096,1.942,1.9738,2.0061,2.0402,2.0747,2.109,2.143,1.4525,1.4483,1.445,1.4416,1.4368,1.4364,1.4315,1.4271,1.4224,1.4179,1.4133,1.4079,1.4029,1.3982,1.3968,1.3945,1.3929,1.392,1.3922,1.394,1.4005,1.4118,1.4241,1.4358,1.449,1.461,1.4664,1.466,1.4629,1.4572
0.42,1.16,1.1945,1.2292,1.2636,1.2977,1.3325,1.3668,1.401,1.4351,1.4692,1.5034,1.5375,1.5717,1.606,1.6405,1.6751,1.7096,1.7443,1.7788,1.8134,1.8477,1.8814,1.9147,1.9474,1.9788,2.0103,2.044,2.0785,2.1131,2.1477,1.4478,1.4456,1.4443,1.4424,1.4384,1.4395,1.4348,1.4291,1.4234,1.4175,1.4117,1.4059,1.4004,1.3959,1.3929,1.3909,1.3895,1.388,1.3897,1.391,1.3958,1.4038,1.4133,1.4247,1.4393,1.4535,1.4618,1.4644,1.466,1.4667
0.424,1.1694,1.2038,1.2383,1.2725,1.3064,1.3412,1.3754,1.4096,1.4437,1.4777,1.5119,1.546,1.58,1.6142,1.6485,1.683,1.7174,1.7518,1.7863,1.8208,1.855,1.8884,1.9214,1.9539,1.9848,2.0162,2.0498,2.0837,2.118,2.1524,1.4478,1.445,1.443,1.4403,1.4358,1.4366,1.432,1.4274,1.4219,1.4164,1.4117,1.4061,1.4005,1.3957,1.3922,1.3895,1.3871,1.3847,1.3851,1.3855,1.3906,1.3991,1.4091,1.4209,1.4363,1.4506,1.4586,1.4646,1.4691,1.4714
0.428,1.16,1.1945,1.2289,1.2634,1.2977,1.332,1.3663,1.4006,1.4348,1.469,1.5031,1.5372,1.5713,1.6056,1.64,1.6743,1.7086,1.7431,1.7775,1.812,1.8465,1.8808,1.9149,1.9478,1.9789,2.0102,2.0427,2.0759,2.1093,2.143,1.4478,1.446,1.4449,1.4447,1.4407,1.4371,1.4332,1.4292,1.4247,1.4199,1.4147,1.4091,1.4043,1.4007,1.3972,1.3935,1.3895,1.3886,1.387,1.3881,1.3904,1.3936,1.3989,1.4095,1.4244,1.439,1.4504,1.46,1.4688,1.4761
0.432,1.1647,1.1992,1.2336,1.268,1.3022,1.3366,1.371,1.4053,1.4394,1.4735,1.5077,1.5419,1.5762,1.6104,1.6446,1.6788,1.713,1.7472,1.7814,1.8159,1.85,1.8842,1.9179,1.9506,1.9812,2.0125,2.0459,2.0796,2.1135,2.1477,1.4478,1.4477,1.4463,1.4436,1.4392,1.4361,1.4334,1.43,1.4252,1.42,1.4153,1.4111,1.4071,1.4029,1.3986,1.3943,1.3898,1.3849,1.3809,1.378,1.3819,1.3867,1.394,1.4049,1.4208,1.4353,1.4439,1.4513,1.4575,1.4619
0.436,1.1694,1.2038,1.2381,1.2726,1.307,1.3413,1.3757,1.41,1.4443,1.4786,1.5128,1.5469,1.5811,1.6152,1.6493,1.6834,1.7174,1.7516,1.786,1.8204,1.855,1.8892,1.9233,1.9556,1.9864,2.0177,2.05,2.0824,2.1149,2.1477,1.4478,1.445,1.4428,1.4422,1.439,1.4362,1.4332,1.4301,1.4267,1.4231,1.4188,1.4139,1.4091,1.4043,1.3992,1.3935,1.3881,1.3839,1.3812,1.3799,1.3792,1.3833,1.388,1.4001,1.4155,1.4301,1.442,1.4538,1.4653,1.4761
0.44,1.1647,1.199,1.2334,1.2677,1.3019,1.3364,1.3706,1.4049,1.4391,1.4733,1.5074,1.5413,1.5752,1.6092,1.6432,1.6773,1.7113,1.7455,1.7798,1.8141,1.8485,1.8829,1.9169,1.9502,1.9824,2.0148,2.0471,2.0783,2.1085,2.1383,1.4478,1.4451,1.4442,1.444,1.4408,1.4407,1.4376,1.4345,1.4307,1.4264,1.4215,1.4158,1.4097,1.4042,1.3991,1.3939,1.389,1.385,1.3815,1.3785,1.3775,1.378,1.3836,1.3919,1.4041,1.4159,1.4276,1.4424,1.4588,1.4761
0.444,1.1694,1.2039,1.2385,1.273,1.3075,1.3421,1.3767,1.4112,1.4457,1.48,1.5143,1.5484,1.5824,1.6166,1.6509,1.6852,1.7194,1.7537,1.7883,1.8229,1.8575,1.8921,1.9267,1.9611,1.9944,2.027,2.058,2.0865,2.1132,2.1383,1.4431,1.4403,1.439,1.4388,1.4375,1.4392,1.4368,1.4343,1.4309,1.4266,1.4215,1.4155,1.4094,1.4041,1.3993,1.3942,1.389,1.3846,1.3822,1.3812,1.3804,1.38,1.3794,1.3834,1.3929,1.4044,1.4199,1.4396,1.4616,1.4855
0.448,1.1694,1.2039,1.2384,1.2729,1.3072,1.3419,1.3764,1.4109,1.4454,1.4799,1.5143,1.5487,1.583,1.6173,1.6516,1.6858,1.72,1.7543,1.7885,1.8227,1.857,1.8915,1.926,1.9598,1.9928,2.0257,2.0558,2.0855,2.1124,2.1383,1.4431,1.4401,1.4392,1.4387,1.4357,1.4358,1.4326,1.4299,1.4273,1.4246,1.4209,1.4172,1.4131,1.4084,1.4035,1.3983,1.3933,1.3884,1.3837,1.3785,1.3737,1.3705,1.3726,1.3799,1.3905,1.4014,1.4184,1.436,1.4578,1.4808
0.452,1.1694,1.2036,1.2376,1.2718,1.3059,1.3401,1.3742,1.4084,1.4426,1.4767,1.5108,1.5448,1.5787,1.6126,1.6463,1.6799,1.7134,1.747,1.7807,1.8146,1.8486,1.8828,1.9169,1.9509,1.9848,2.0182,2.0506,2.0788,2.1049,2.1289,1.4431,1.4415,1.4388,1.4364,1.4343,1.4333,1.4321,1.4311,1.4298,1.4279,1.4248,1.4207,1.4166,1.4119,1.4062,1.3999,1.3931,1.3867,1.3811,1.376,1.3725,1.3721,1.3744,1.378,1.3827,1.3898,1.4009,1.4202,1.4422,1.4667
0.456,1.1694,1.2044,1.2393,1.2741,1.3089,1.3439,1.3787,1.4136,1.4483,1.483,1.5177,1.5523,1.5869,1.6215,1.6561,1.6906,1.7252,1.7597,1.7944,1.8293,1.8641,1.899,1.9339,1.9689,2.0029,2.0357,2.0678,2.0961,2.123,2.1477,1.4384,1.4372,1.438,1.4394,1.4377,1.4398,1.4367,1.4335,1.4293,1.4249,1.4205,1.4154,1.4101,1.4048,1.3997,1.3943,1.3886,1.3834,1.3789,1.3755,1.3726,1.37,1.3679,1.3695,1.3775,1.3897,1.4038,1.4242,1.4465,1.4714
0.46,1.1694,1.2039,1.2383,1.2729,1.3074,1.3419,1.3765,1.4111,1.4456,1.4801,1.5144,1.5487,1.5829,1.6171,1.6512,1.6853,1.7193,1.7533,1.7875,1.8217,1.8561,1.8905,1.925,1.9596,1.994,2.028,2.0612,2.0908,2.1146,2.1383,1.4337,1.4364,1.439,1.4401,1.4394,1.4368,1.4361,1.4351,1.4338,1.431,1.4268,1.422,1.417,1.412,1.4065,1.4005,1.3942,1.3882,1.3828,1.378,1.3737,1.3705,1.369,1.3697,1.3731,1.3796,1.3894,1.4067,1.4323,1.4572
0.464,1.1788,1.213,1.2472,1.2813,1.3154,1.3497,1.3839,1.4181,1.4522,1.4864,1.5206,1.5546,1.5886,1.6226,1.6565,1.6903,1.7236,1.7567,1.79,1.8238,1.8578,1.8918,1.926,1.9602,1.9944,2.0283,2.0621,2.0896,2.1154,2.1383,1.4384,1.4371,1.437,1.437,1.4352,1.4359,1.4343,1.4331,1.4316,1.43,1.428,1.4245,1.4208,1.4166,1.4123,1.4066,1.3987,1.39,1.3821,1.3768,1.3729,1.3694,1.3674,1.3675,1.3693,1.3727,1.3799,1.4,1.4223,1.4478
0.468,1.1694,1.2041,1.2389,1.2737,1.3084,1.3433,1.3781,1.413,1.4478,1.4826,1.5173,1.5519,1.5865,1.6211,1.6556,1.6898,1.724,1.7582,1.7924,1.8266,1.8608,1.8951,1.9297,1.9644,1.9992,2.0341,2.0674,2.0993,2.1268,2.1524,1.4431,1.4401,1.4384,1.4382,1.437,1.4386,1.4376,1.4371,1.4363,1.435,1.4323,1.4281,1.4238,1.4196,1.4143,1.4079,1.401,1.3944,1.3881,1.3814,1.3745,1.3684,1.364,1.3616,1.362,1.3647,1.3748,1.3886,1.4102,1.4337
0.472,1.1788,1.2128,1.2468,1.2809,1.3148,1.3488,1.3828,1.4168,1.4508,1.4848,1.5188,1.5527,1.5866,1.6206,1.6544,1.6881,1.7217,1.7552,1.7888,1.8222,1.8557,1.8892,1.9228,1.9566,1.9904,2.0244,2.0582,2.091,2.1224,2.1524,1.4384,1.4392,1.4398,1.4397,1.4388,1.4361,1.4345,1.4331,1.4317,1.4301,1.4282,1.4259,1.4234,1.4205,1.4169,1.4122,1.4068,1.401,1.3952,1.389,1.3827,1.3768,1.3716,1.3672,1.3636,1.3629,1.3674,1.3763,1.3895,1.4055
0.476,1.1835,1.2177,1.2519,1.2859,1.3203,1.3546,1.3889,1.4233,1.4576,1.4919,1.5262,1.5605,1.5947,1.6288,1.663,1.6971,1.7308,1.7645,1.798,1.8318,1.8656,1.8994,1.9333,1.9672,2.001,2.0352,2.0694,2.1015,2.1303,2.1571,1.4431,1.4406,1.4374,1.4332,1.4332,1.4323,1.4319,1.4316,1.4314,1.4313,1.4306,1.4284,1.4254,1.4221,1.4188,1.4146,1.4084,1.4014,1.3944,1.388,1.3822,1.3763,1.3707,1.3651,1.3594,1.3558,1.358,1.37,1.3887,1.4102
0.48,1.1835,1.2173,1.2511,1.2849,1.3186,1.3524,1.3862,1.4201,1.4539,1.4876,1.5214,1.5552,1.589,1.6228,1.6565,1.6901,1.7235,1.7568,1.79,1.8233,1.8563,1.8893,1.9223,1.9556,1.9892,2.0229,2.0561,2.0889,2.121,2.1524,1.4337,1.4344,1.4347,1.4352,1.4357,1.4329,1.4319,1.4307,1.4295,1.4283,1.4269,1.4254,1.4236,1.4214,1.4188,1.4149,1.4097,1.4037,1.3976,1.3912,1.384,1.3764,1.3693,1.3634,1.3596,1.3628,1.3693,1.3776,1.3883,1.4008
0.484,1.1741,1.2079,1.2418,1.2756,1.3094,1.3433,1.3771,1.411,1.4449,1.4788,1.5127,1.5466,1.5804,1.6143,1.648,1.6817,1.7151,1.7485,1.7818,1.8152,1.8485,1.8817,1.9149,1.9482,1.9815,2.015,2.0488,2.0827,2.1159,2.1477,1.429,1.4314,1.4334,1.4354,1.4354,1.4333,1.4323,1.4314,1.4314,1.4313,1.4306,1.429,1.4268,1.4243,1.4211,1.4169,1.4115,1.4054,1.3993,1.3934,1.3869,1.38,1.3732,1.3668,1.3603,1.3549,1.3526,1.3542,1.3607,1.3726
0.488,1.1835,1.2173,1.2513,1.2848,1.3181,1.3521,1.3859,1.4198,1.4536,1.4874,1.5212,1.555,1.5888,1.6226,1.6564,1.6901,1.7238,1.7573,1.7907,1.8239,1.8569,1.8897,1.9227,1.9561,1.9895,2.0228,2.0566,2.0904,2.1239,2.1571,1.429,1.4283,1.4284,1.432,1.436,1.4328,1.4318,1.4304,1.4288,1.4272,1.4256,1.4241,1.4225,1.4206,1.4186,1.4162,1.4128,1.4081,1.4027,1.3961,1.3884,1.3803,1.3728,1.3669,1.3614,1.3558,1.354,1.3566,1.3613,1.3679
0.492,1.1788,1.2129,1.2471,1.2813,1.3155,1.3498,1.384,1.4182,1.4525,1.4867,1.5209,1.5551,1.5893,1.6234,1.6575,1.6916,1.7255,1.7594,1.7933,1.8271,1.8608,1.8943,1.9275,1.9605,1.9934,2.0262,2.0604,2.0945,2.1284,2.1618,1.4384,1.4355,1.4332,1.4319,1.4325,1.4323,1.4322,1.4321,1.4319,1.4315,1.4303,1.4284,1.4259,1.4231,1.4201,1.4168,1.4126,1.4078,1.4026,1.3971,1.3914,1.3843,1.3758,1.3668,1.3571,1.3476,1.3444,1.346,1.3508,1.3585
0.496,1.1788,1.2121,1.2458,1.2797,1.3136,1.3475,1.3814,1.4153,1.4492,1.4831,1.517,1.5509,1.5847,1.6186,1.6525,1.6864,1.7201,1.7538,1.7874,1.8208,1.8538,1.8863,1.9187,1.9514,1.9842,2.0173,2.0509,2.0846,2.1185,2.1524,1.4431,1.4369,1.4334,1.4325,1.4332,1.432,1.4311,1.4302,1.4295,1.4289,1.4283,1.4276,1.4268,1.4259,1.4247,1.4228,1.4198,1.4158,1.4111,1.4053,1.3977,1.388,1.3779,1.3692,1.3606,1.3531,1.3486,1.3458,1.3441,1.3444
0.5,1.1788,1.213,1.2472,1.2813,1.3153,1.3494,1.3836,1.4178,1.452,1.4862,1.5204,1.5546,1.5888,1.623,1.6572,1.6914,1.7255,1.7595,1.7935,1.8273,1.8609,1.8944,1.9278,1.9611,1.9938,2.0259,2.0593,2.0934,2.1276,2.1618,1.4337,1.4339,1.4356,1.4389,1.4389,1.4353,1.4331,1.4312,1.4298,1.4284,1.4271,1.426,1.425,1.424,1.4227,1.4208,1.418,1.4145,1.4102,1.4046,1.3981,1.3912,1.3839,1.3759,1.3658,1.3538,1.3463,1.3434,1.3426,1.3444
0.504,1.1835,1.2173,1.2514,1.2853,1.319,1.353,1.3869,1.4209,1.4549,1.4888,1.5228,1.5568,1.5908,1.6248,1.6588,1.6927,1.7266,1.7605,1.7943,1.8278,1.8608,1.8933,1.9257,1.958,1.9902,2.0226,2.0556,2.0892,2.1231,2.1571,1.4337,1.4307,1.4296,1.4318,1.4331,1.4299,1.4284,1.427,1.4263,1.4266,1.4276,1.4286,1.4291,1.4285,1.4273,1.4258,1.4237,1.4209,1.4173,1.4115,1.4034,1.3934,1.383,1.3724,1.3616,1.3511,1.343,1.3384,1.3356,1.335
0.508,1.1882,1.2219,1.2559,1.2898,1.3233,1.3575,1.3915,1.4255,1.4595,1.4936,1.5276,1.5617,1.5957,1.6298,1.6639,1.6978,1.7318,1.7658,1.7996,1.8333,1.8667,1.9,1.9328,1.9649,1.9966,2.0277,2.0602,2.0939,2.1278,2.1618,1.4431,1.4385,1.4348,1.4351,1.4393,1.4356,1.4343,1.4329,1.4317,1.4308,1.43,1.4295,1.4289,1.4283,1.43,1.4276,1.4268,1.4245,1.4206,1.4154,1.4092,1.4019,1.3926,1.3814,1.3689,1.3551,1.3448,1.3401,1.3368,1.335
0.512,1.1835,1.2177,1.2519,1.2861,1.3201,1.3543,1.3884,1.4226,1.4567,1.4909,1.5251,1.5593,1.5935,1.6277,1.6619,1.6961,1.7303,1.7644,1.7984,1.8323,1.8661,1.8996,1.9327,1.9656,1.9981,2.0297,2.0617,2.0947,2.128,2.1618,1.4337,1.4337,1.4341,1.4362,1.4364,1.4331,1.4313,1.4295,1.428,1.427,1.4269,1.4274,1.428,1.4283,1.4278,1.4265,1.4245,1.4216,1.418,1.4138,1.4085,1.4015,1.3929,1.3835,1.3729,1.3598,1.3477,1.3386,1.3309,1.3256
0.516,1.1882,1.2219,1.2558,1.2896,1.3233,1.357,1.3908,1.4246,1.4584,1.4922,1.5261,1.5599,1.5937,1.6276,1.6614,1.6952,1.729,1.7628,1.7966,1.8304,1.864,1.897,1.9296,1.9618,1.9932,2.0232,2.0539,2.0863,2.1191,2.1524,1.4431,1.4404,1.4392,1.4398,1.4395,1.4362,1.4344,1.433,1.4319,1.4313,1.4309,1.4306,1.4303,1.4298,1.4292,1.4285,1.4278,1.4268,1.4253,1.4229,1.4188,1.4115,1.4023,1.392,1.3794,1.3638,1.3496,1.3396,1.3315,1.3256
0.52,1.1835,1.2179,1.2524,1.2867,1.3208,1.3551,1.3893,1.4236,1.4581,1.4926,1.5271,1.5616,1.596,1.6305,1.6649,1.6994,1.7339,1.7684,1.8029,1.8373,1.8718,1.9054,1.9389,1.971,2.0014,2.0313,2.0629,2.0954,2.1283,2.1618,1.4431,1.4408,1.4383,1.4382,1.4397,1.4339,1.43,1.4268,1.4249,1.4243,1.4243,1.4243,1.4245,1.4262,1.4281,1.429,1.4286,1.4275,1.4261,1.424,1.4218,1.4144,1.4063,1.3937,1.3773,1.3602,1.3464,1.3349,1.3245,1.3161
0.524,1.1788,1.2133,1.2479,1.2823,1.3167,1.3511,1.3856,1.4201,1.4546,1.4892,1.5237,1.5582,1.5927,1.6273,1.6618,1.6963,1.7308,1.7654,1.7998,1.8343,1.8688,1.9029,1.9373,1.9693,2.0012,2.0314,2.0623,2.0938,2.1254,2.1571,1.4431,1.4423,1.4409,1.4391,1.4375,1.4339,1.4314,1.4294,1.429,1.4283,1.4271,1.4257,1.4244,1.4238,1.4251,1.4265,1.4275,1.4284,1.4256,1.4237,1.4215,1.4165,1.4113,1.3986,1.3856,1.3687,1.3532,1.3392,1.3251,1.3114
0.528,1.1835,1.2176,1.2517,1.2859,1.3203,1.3546,1.389,1.4234,1.4578,1.4922,1.5266,1.561,1.5955,1.63,1.6644,1.6989,1.7333,1.7677,1.8022,1.8367,1.8711,1.9057,1.9382,1.9709,2.0011,2.031,2.0619,2.0935,2.1252,2.1571,1.4572,1.4521,1.4469,1.443,1.4418,1.4373,1.4348,1.4324,1.4303,1.4278,1.4253,1.4232,1.4221,1.4229,1.4247,1.4268,1.4287,1.4306,1.4319,1.4318,1.4297,1.4278,1.4169,1.4058,1.389,1.3719,1.3566,1.3427,1.3292,1.3161
0.532,1.1929,1.2265,1.2604,1.2943,1.3283,1.3621,1.396,1.43,1.4642,1.4983,1.5325,1.5666,1.6008,1.635,1.6692,1.7034,1.7375,1.7716,1.8058,1.8399,1.8741,1.9083,1.9419,1.9754,2.0059,2.0363,2.066,2.0954,2.1242,2.1524,1.4572,1.451,1.4457,1.4423,1.4405,1.4342,1.4299,1.4264,1.4243,1.4226,1.4208,1.4193,1.4181,1.4179,1.4191,1.4212,1.4237,1.4259,1.4281,1.4301,1.4304,1.4281,1.4222,1.4146,1.3994,1.3837,1.3668,1.3493,1.3309,1.3114
0.536,1.1882,1.2221,1.2562,1.2903,1.3245,1.3584,1.3924,1.4266,1.4609,1.4952,1.5295,1.5638,1.5982,1.6325,1.6669,1.7012,1.7355,1.7698,1.8041,1.8385,1.8728,1.9072,1.9414,1.9753,2.0082,2.0386,2.0694,2.0986,2.1262,2.1524,1.4572,1.4517,1.4469,1.4442,1.4425,1.4363,1.4319,1.4282,1.4257,1.4239,1.4224,1.421,1.4196,1.4185,1.4193,1.421,1.4231,1.4252,1.4265,1.4274,1.4276,1.4266,1.424,1.4182,1.4082,1.3921,1.377,1.3588,1.3384,1.3161
0.54,1.1929,1.2269,1.261,1.2948,1.3287,1.3631,1.3971,1.4314,1.4658,1.5002,1.5346,1.569,1.6034,1.6379,1.6723,1.7067,1.7411,1.7755,1.8099,1.8443,1.8787,1.9131,1.9475,1.9815,2.0145,2.0446,2.0756,2.1046,2.1335,2.1618,1.4619,1.4562,1.4514,1.4458,1.4406,1.4374,1.4322,1.4288,1.4267,1.4255,1.4244,1.4234,1.4224,1.4219,1.4225,1.4236,1.4251,1.4265,1.4279,1.4296,1.431,1.4316,1.4297,1.4239,1.4142,1.3975,1.3825,1.3638,1.3452,1.3256
0.544,1.1929,1.2262,1.2598,1.2932,1.327,1.3614,1.3954,1.4294,1.4635,1.4977,1.5319,1.5661,1.6003,1.6345,1.6687,1.7028,1.7369,1.7711,1.8052,1.8393,1.8734,1.9075,1.9414,1.975,2.0079,2.0395,2.07,2.1002,2.1265,2.1524,1.4619,1.4541,1.4473,1.4404,1.4367,1.4361,1.4328,1.429,1.4262,1.4241,1.423,1.4228,1.4228,1.4234,1.425,1.4275,1.4304,1.433,1.4358,1.4389,1.4417,1.4407,1.4352,1.4287,1.4192,1.4061,1.3906,1.3747,1.3525,1.3303
0.548,1.1882,1.222,1.256,1.2897,1.3235,1.3578,1.3918,1.4257,1.4597,1.4938,1.5279,1.5621,1.5963,1.6305,1.6646,1.6989,1.733,1.7671,1.8012,1.8353,1.8693,1.9034,1.9377,1.9717,2.0055,2.0387,2.0694,2.0998,2.126,2.1524,1.4619,1.4567,1.4525,1.4478,1.4436,1.4431,1.4395,1.4349,1.431,1.4279,1.4251,1.4228,1.421,1.4193,1.4179,1.418,1.4202,1.4233,1.4264,1.4297,1.4334,1.4359,1.4361,1.4332,1.4274,1.419,1.4039,1.3884,1.366,1.3444
0.552,1.1882,1.2225,1.2569,1.2913,1.3255,1.3595,1.3937,1.4279,1.4621,1.4965,1.531,1.5654,1.6,1.6345,1.6691,1.7036,1.7381,1.7725,1.8069,1.8411,1.8756,1.9101,1.9446,1.9791,2.0134,2.0477,2.08,2.1111,2.1393,2.1665,1.4619,1.4578,1.4552,1.452,1.4482,1.4414,1.4364,1.4317,1.4271,1.4235,1.421,1.4189,1.4175,1.417,1.4174,1.4187,1.4211,1.4238,1.4275,1.4318,1.435,1.4352,1.4333,1.4309,1.427,1.4219,1.4101,1.3951,1.375,1.3538
0.556,1.1882,1.2217,1.2553,1.2889,1.323,1.3574,1.3915,1.4254,1.4594,1.4935,1.5278,1.5622,1.5966,1.6311,1.6655,1.7,1.7343,1.7686,1.8028,1.8369,1.871,1.9053,1.9397,1.9742,2.0084,2.0419,2.0747,2.106,2.1317,2.1571,1.4714,1.4631,1.4557,1.4485,1.4443,1.442,1.4368,1.4308,1.4252,1.4204,1.4172,1.4147,1.4129,1.412,1.4122,1.4135,1.4159,1.4192,1.4235,1.4288,1.4336,1.4368,1.4381,1.4371,1.4326,1.4246,1.4143,1.4004,1.3769,1.3538
0.56,1.1929,1.2266,1.2605,1.2945,1.3286,1.363,1.3968,1.4307,1.4647,1.4988,1.533,1.5673,1.6017,1.636,1.6704,1.7047,1.739,1.7732,1.8074,1.8416,1.8757,1.9099,1.9441,1.9784,2.0127,2.0471,2.0809,2.1111,2.1368,2.1571,1.4667,1.4595,1.4547,1.4502,1.447,1.4449,1.4387,1.433,1.4277,1.4234,1.4205,1.4186,1.4168,1.4156,1.4152,1.4168,1.4196,1.423,1.4263,1.4299,1.4341,1.4381,1.4409,1.4431,1.4436,1.441,1.435,1.4186,1.3959,1.3679
0.564,1.1976,1.2315,1.2655,1.2995,1.3333,1.3676,1.4015,1.4354,1.4692,1.5031,1.5371,1.5711,1.6052,1.6393,1.6736,1.7078,1.742,1.7761,1.8102,1.8442,1.8781,1.912,1.946,1.9802,2.0145,2.0487,2.0828,2.1147,2.142,2.1665,1.4667,1.4615,1.458,1.4548,1.4506,1.449,1.4438,1.4389,1.4338,1.4289,1.4245,1.4208,1.4175,1.4149,1.4137,1.4143,1.4165,1.4193,1.4223,1.4262,1.4313,1.4362,1.4397,1.4416,1.443,1.4427,1.4387,1.4268,1.4057,1.382
